cohort_month,month_number,users,retention_rate
2020-11,0,7,100.0
2020-11,0,35,500.0
2020-11,0,27,385.71
2020-11,0,15,214.29
2020-11,0,2365,33785.71
2020-11,0,18,257.14
2020-11,0,15,214.29
2020-11,0,7,100.0
2020-11,0,13,185.71
2020-11,0,50,714.29
2020-11,0,14,200.0
2020-11,0,21,300.0
2020-11,0,45,642.86
2020-11,0,9,128.57
2020-11,0,65,928.57
2020-11,0,128,1828.57
2020-11,0,15,214.29
2020-11,0,9,128.57
2020-11,0,20,285.71
2020-11,0,23,328.57
2020-11,0,6,85.71
2020-11,0,9,128.57
2020-11,0,12,171.43
2020-11,0,8,114.29
2020-11,0,8,114.29
2020-11,0,7,100.0
2020-11,0,8,114.29
2020-11,0,5,71.43
2020-11,0,11,157.14
2020-11,0,3,42.86
2020-11,0,24,100.0
2020-11,0,58,241.67
2020-11,0,15,62.5
2020-11,0,50,208.33
2020-11,0,44,183.33
2020-11,0,13,54.17
2020-11,0,25,104.17
2020-11,0,31,129.17
2020-11,0,25,104.17
2020-11,0,98,408.33
2020-11,0,22,91.67
2020-11,0,37,154.17
2020-11,0,8,33.33
2020-11,0,90,375.0
2020-11,0,26,108.33
2020-11,0,36,150.0
2020-11,0,241,1004.17
2020-11,0,3134,13058.33
2020-11,0,30,125.0
2020-11,0,32,133.33
2020-11,0,10,41.67
2020-11,0,13,54.17
2020-11,0,12,50.0
2020-11,0,18,75.0
2020-11,0,44,183.33
2020-11,0,30,125.0
2020-11,0,7,29.17
2020-11,0,8,33.33
2020-11,0,5,20.83
2020-11,0,88,100.0
2020-11,0,62,70.45
2020-11,0,46,52.27
2020-11,0,25,28.41
2020-11,0,29,32.95
2020-11,0,36,40.91
2020-11,0,272,309.09
2020-11,0,28,31.82
2020-11,0,43,48.86
2020-11,0,113,128.41
2020-11,0,29,32.95
2020-11,0,30,34.09
2020-11,0,4342,4934.09
2020-11,0,8,9.09
2020-11,0,35,39.77
2020-11,0,36,40.91
2020-11,0,17,19.32
2020-11,0,10,11.36
2020-11,0,12,13.64
2020-11,0,45,51.14
2020-11,0,21,23.86
2020-11,0,17,19.32
2020-11,0,13,14.77
2020-11,0,33,37.5
2020-11,0,7,7.95
2020-11,0,20,22.73
2020-11,0,10,11.36
2020-11,0,6,6.82
2020-11,0,19,100.0
2020-11,0,91,478.95
2020-11,0,17,89.47
2020-11,0,40,210.53
2020-11,0,51,268.42
2020-11,0,56,294.74
2020-11,0,10,52.63
2020-11,0,27,142.11
2020-11,0,22,115.79
2020-11,0,3314,17442.11
2020-11,0,25,131.58
2020-11,0,49,257.89
2020-11,0,199,1047.37
2020-11,0,23,121.05
2020-11,0,32,168.42
2020-11,0,14,73.68
2020-11,0,26,136.84
2020-11,0,11,57.89
2020-11,0,14,73.68
2020-11,0,35,184.21
2020-11,0,31,163.16
2020-11,0,25,131.58
2020-11,0,6,31.58
2020-11,0,15,78.95
2020-11,0,31,163.16
2020-11,0,6,31.58
2020-11,0,6,31.58
2020-11,0,19,100.0
2020-11,0,178,936.84
2020-11,0,10,52.63
2020-11,0,13,68.42
2020-11,0,37,194.74
2020-11,0,60,315.79
2020-11,0,46,242.11
2020-11,0,13,68.42
2020-11,0,17,89.47
2020-11,0,24,126.32
2020-11,0,17,89.47
2020-11,0,50,263.16
2020-11,0,5,26.32
2020-11,0,2825,14868.42
2020-11,0,23,121.05
2020-11,0,25,131.58
2020-11,0,13,68.42
2020-11,0,21,110.53
2020-11,0,26,136.84
2020-11,0,13,68.42
2020-11,0,12,63.16
2020-11,0,16,84.21
2020-11,0,29,152.63
2020-11,0,48,252.63
2020-11,0,12,63.16
2020-11,0,19,100.0
2020-11,0,11,100.0
2020-11,0,2363,21481.82
2020-11,0,3,27.27
2020-11,0,11,100.0
2020-11,0,117,1063.64
2020-11,0,55,500.0
2020-11,0,67,609.09
2020-11,0,20,181.82
2020-11,0,24,218.18
2020-11,0,18,163.64
2020-11,0,35,318.18
2020-11,0,20,181.82
2020-11,0,20,181.82
2020-11,0,32,290.91
2020-11,0,16,145.45
2020-11,0,12,109.09
2020-11,0,11,100.0
2020-11,0,49,445.45
2020-11,0,32,290.91
2020-11,0,14,127.27
2020-11,0,12,109.09
2020-11,0,5,45.45
2020-11,0,9,81.82
2020-11,0,17,154.55
2020-11,0,5,45.45
2020-11,0,3,100.0
2020-11,0,9,300.0
2020-11,0,1735,57833.33
2020-11,0,30,1000.0
2020-11,0,53,1766.67
2020-11,0,10,333.33
2020-11,0,16,533.33
2020-11,0,14,466.67
2020-11,0,11,366.67
2020-11,0,8,266.67
2020-11,0,23,766.67
2020-11,0,8,266.67
2020-11,0,14,466.67
2020-11,0,8,266.67
2020-11,0,19,633.33
2020-11,0,21,700.0
2020-11,0,87,2900.0
2020-11,0,18,600.0
2020-11,0,10,333.33
2020-11,0,5,166.67
2020-11,0,2,66.67
2020-11,0,4,133.33
2020-11,0,5,166.67
2020-11,0,2,66.67
2020-11,0,3,100.0
2020-11,0,45,1500.0
2020-11,0,110,3666.67
2020-11,0,13,433.33
2020-11,0,3,100.0
2020-11,0,4,133.33
2020-11,0,11,366.67
2020-11,0,9,300.0
2020-11,0,14,466.67
2020-11,0,8,266.67
2020-11,0,7,233.33
2020-11,0,17,566.67
2020-11,0,16,533.33
2020-11,0,8,266.67
2020-11,0,7,233.33
2020-11,0,7,233.33
2020-11,0,1661,55366.67
2020-11,0,17,566.67
2020-11,0,12,400.0
2020-11,0,7,233.33
2020-11,0,5,166.67
2020-11,0,9,300.0
2020-11,0,1,33.33
2020-11,0,14,100.0
2020-11,0,8,57.14
2020-11,0,8,57.14
2020-11,0,144,1028.57
2020-11,0,2365,16892.86
2020-11,0,15,107.14
2020-11,0,25,178.57
2020-11,0,19,135.71
2020-11,0,29,207.14
2020-11,0,21,150.0
2020-11,0,71,507.14
2020-11,0,14,100.0
2020-11,0,26,185.71
2020-11,0,23,164.29
2020-11,0,56,400.0
2020-11,0,32,228.57
2020-11,0,15,107.14
2020-11,0,10,71.43
2020-11,0,45,321.43
2020-11,0,10,71.43
2020-11,0,5,35.71
2020-11,0,9,64.29
2020-11,0,7,100.0
2020-11,0,15,214.29
2020-11,0,2748,39257.14
2020-11,0,20,285.71
2020-11,0,19,271.43
2020-11,0,21,300.0
2020-11,0,49,700.0
2020-11,0,33,471.43
2020-11,0,203,2900.0
2020-11,0,19,271.43
2020-11,0,25,357.14
2020-11,0,41,585.71
2020-11,0,50,714.29
2020-11,0,26,371.43
2020-11,0,17,242.86
2020-11,0,79,1128.57
2020-11,0,27,385.71
2020-11,0,17,242.86
2020-11,0,4,57.14
2020-11,0,11,157.14
2020-11,0,7,100.0
2020-11,0,13,100.0
2020-11,0,5,38.46
2020-11,0,22,169.23
2020-11,0,26,200.0
2020-11,0,27,207.69
2020-11,0,34,261.54
2020-11,0,41,315.38
2020-11,0,2750,21153.85
2020-11,0,11,84.62
2020-11,0,24,184.62
2020-11,0,45,346.15
2020-11,0,39,300.0
2020-11,0,58,446.15
2020-11,0,23,176.92
2020-11,0,21,161.54
2020-11,0,17,130.77
2020-11,0,212,1630.77
2020-11,0,22,169.23
2020-11,0,5,38.46
2020-11,0,4,30.77
2020-11,0,16,100.0
2020-11,0,4,25.0
2020-11,0,11,68.75
2020-11,0,25,156.25
2020-11,0,23,143.75
2020-11,0,19,118.75
2020-11,0,56,350.0
2020-11,0,42,262.5
2020-11,0,30,187.5
2020-11,0,36,225.0
2020-11,0,8,50.0
2020-11,0,49,306.25
2020-11,0,154,962.5
2020-11,0,48,300.0
2020-11,0,33,206.25
2020-11,0,13,81.25
2020-11,0,2585,16156.25
2020-11,0,17,106.25
2020-11,0,7,43.75
2020-11,0,7,100.0
2020-11,0,14,200.0
2020-11,0,39,557.14
2020-11,0,42,600.0
2020-11,0,52,742.86
2020-11,0,31,442.86
2020-11,0,6,85.71
2020-11,0,18,257.14
2020-11,0,36,514.29
2020-11,0,58,828.57
2020-11,0,2364,33771.43
2020-11,0,101,1442.86
2020-11,0,19,271.43
2020-11,0,14,200.0
2020-11,0,6,85.71
2020-11,0,11,157.14
2020-11,0,10,142.86
2020-11,0,14,200.0
2020-11,0,12,100.0
2020-11,0,7,58.33
2020-11,0,15,125.0
2020-11,0,85,708.33
2020-11,0,11,91.67
2020-11,0,20,166.67
2020-11,0,28,233.33
2020-11,0,23,191.67
2020-11,0,12,100.0
2020-11,0,9,75.0
2020-11,0,23,191.67
2020-11,0,43,358.33
2020-11,0,1759,14658.33
2020-11,0,8,66.67
2020-11,0,9,75.0
2020-11,0,2,16.67
2020-11,0,5,41.67
2020-11,0,9,100.0
2020-11,0,12,133.33
2020-11,0,1661,18455.56
2020-11,0,10,111.11
2020-11,0,12,133.33
2020-11,0,36,400.0
2020-11,0,15,166.67
2020-11,0,33,366.67
2020-11,0,8,88.89
2020-11,0,96,1066.67
2020-11,0,6,66.67
2020-11,0,6,66.67
2020-11,0,4,44.44
2020-11,0,7,77.78
2020-11,0,11,122.22
2020-11,0,6,66.67
2020-11,0,17,100.0
2020-11,0,20,117.65
2020-11,0,24,141.18
2020-11,0,28,164.71
2020-11,0,189,1111.76
2020-11,0,40,235.29
2020-11,0,17,100.0
2020-11,0,24,141.18
2020-11,0,65,382.35
2020-11,0,2533,14900.0
2020-11,0,22,129.41
2020-11,0,18,105.88
2020-11,0,27,158.82
2020-11,0,9,52.94
2020-11,0,15,88.24
2020-11,0,21,100.0
2020-11,0,16,76.19
2020-11,0,37,176.19
2020-11,0,30,142.86
2020-11,0,59,280.95
2020-11,0,2810,13380.95
2020-11,0,98,466.67
2020-11,0,26,123.81
2020-11,0,47,223.81
2020-11,0,195,928.57
2020-11,0,13,61.9
2020-11,0,23,109.52
2020-11,0,40,190.48
2020-11,0,9,42.86
2020-11,0,17,100.0
2020-11,0,9,52.94
2020-11,0,34,200.0
2020-11,0,43,252.94
2020-11,0,61,358.82
2020-11,0,203,1194.12
2020-11,0,18,105.88
2020-11,0,34,200.0
2020-11,0,2849,16758.82
2020-11,0,18,105.88
2020-11,0,17,100.0
2020-11,0,26,152.94
2020-11,0,10,58.82
2020-11,0,23,100.0
2020-11,0,11,47.83
2020-11,0,49,213.04
2020-11,0,45,195.65
2020-11,0,197,856.52
2020-11,0,2878,12513.04
2020-11,0,26,113.04
2020-11,0,41,178.26
2020-11,0,21,91.3
2020-11,0,28,121.74
2020-11,0,20,86.96
2020-11,0,5,21.74
2020-11,0,24,100.0
2020-11,0,17,70.83
2020-11,0,156,650.0
2020-11,0,69,287.5
2020-11,0,2816,11733.33
2020-11,0,47,195.83
2020-11,0,36,150.0
2020-11,0,18,75.0
2020-11,0,29,120.83
2020-11,0,47,195.83
2020-11,0,27,112.5
2020-11,0,23,100.0
2020-11,0,20,86.96
2020-11,0,2298,9991.3
2020-11,0,50,217.39
2020-11,0,124,539.13
2020-11,0,35,152.17
2020-11,0,14,60.87
2020-11,0,24,104.35
2020-11,0,20,86.96
2020-11,0,25,108.7
2020-11,0,20,100.0
2020-11,0,102,510.0
2020-11,0,1983,9915.0
2020-11,0,47,235.0
2020-11,0,18,90.0
2020-11,0,21,105.0
2020-11,0,24,120.0
2020-11,0,35,175.0
2020-11,0,12,60.0
2020-11,0,32,100.0
2020-11,0,27,84.38
2020-11,0,2815,8796.88
2020-11,0,205,640.63
2020-11,0,13,40.63
2020-11,0,39,121.88
2020-11,0,28,87.5
2020-11,0,71,221.88
2020-11,0,47,100.0
2020-11,0,30,63.83
2020-11,0,3078,6548.94
2020-11,0,32,68.09
2020-11,0,68,144.68
2020-11,0,39,82.98
2020-11,0,207,440.43
2020-11,0,55,100.0
2020-11,0,31,56.36
2020-11,0,26,47.27
2020-11,0,160,290.91
2020-11,0,67,121.82
2020-11,0,3256,5920.0
2020-11,0,51,100.0
2020-11,0,43,84.31
2020-11,0,46,90.2
2020-11,0,3024,5929.41
2020-11,0,150,294.12
2020-11,0,66,100.0
2020-11,0,126,190.91
2020-11,0,38,57.58
2020-11,0,2933,4443.94
2020-11,0,58,100.0
2020-11,0,2548,4393.1
2020-11,0,114,196.55
2020-11,0,122,100.0
2020-11,0,2418,1981.97
2020-11,0,3211,100.0
2020-11,1,2,28.57
2020-11,1,2,28.57
2020-11,1,4,57.14
2020-11,1,3,42.86
2020-11,1,5,71.43
2020-11,1,3,42.86
2020-11,1,3,42.86
2020-11,1,4,57.14
2020-11,1,1,14.29
2020-11,1,8,114.29
2020-11,1,5,71.43
2020-11,1,4,57.14
2020-11,1,6,85.71
2020-11,1,3,42.86
2020-11,1,1,14.29
2020-11,1,3,42.86
2020-11,1,1,14.29
2020-11,1,5,71.43
2020-11,1,4,57.14
2020-11,1,4,57.14
2020-11,1,1,14.29
2020-11,1,7,100.0
2020-11,1,2,28.57
2020-11,1,1,14.29
2020-11,1,2,28.57
2020-11,1,16,66.67
2020-11,1,18,75.0
2020-11,1,13,54.17
2020-11,1,9,37.5
2020-11,1,2,8.33
2020-11,1,8,33.33
2020-11,1,2,8.33
2020-11,1,14,58.33
2020-11,1,22,91.67
2020-11,1,4,16.67
2020-11,1,24,100.0
2020-11,1,5,20.83
2020-11,1,10,41.67
2020-11,1,19,79.17
2020-11,1,3,12.5
2020-11,1,3,12.5
2020-11,1,15,62.5
2020-11,1,12,50.0
2020-11,1,6,25.0
2020-11,1,2,8.33
2020-11,1,2,8.33
2020-11,1,5,20.83
2020-11,1,11,45.83
2020-11,1,8,33.33
2020-11,1,3,12.5
2020-11,1,3,12.5
2020-11,1,1,4.17
2020-11,1,5,20.83
2020-11,1,5,20.83
2020-11,1,2,8.33
2020-11,1,10,11.36
2020-11,1,11,12.5
2020-11,1,15,17.05
2020-11,1,7,7.95
2020-11,1,14,15.91
2020-11,1,8,9.09
2020-11,1,8,9.09
2020-11,1,3,3.41
2020-11,1,18,20.45
2020-11,1,35,39.77
2020-11,1,11,12.5
2020-11,1,6,6.82
2020-11,1,4,4.55
2020-11,1,20,22.73
2020-11,1,13,14.77
2020-11,1,24,27.27
2020-11,1,25,28.41
2020-11,1,2,2.27
2020-11,1,3,3.41
2020-11,1,2,2.27
2020-11,1,3,3.41
2020-11,1,3,3.41
2020-11,1,7,7.95
2020-11,1,15,17.05
2020-11,1,17,19.32
2020-11,1,10,11.36
2020-11,1,2,2.27
2020-11,1,2,2.27
2020-11,1,2,2.27
2020-11,1,10,52.63
2020-11,1,11,57.89
2020-11,1,14,73.68
2020-11,1,17,89.47
2020-11,1,1,5.26
2020-11,1,12,63.16
2020-11,1,19,100.0
2020-11,1,10,52.63
2020-11,1,15,78.95
2020-11,1,11,57.89
2020-11,1,17,89.47
2020-11,1,14,73.68
2020-11,1,5,26.32
2020-11,1,12,63.16
2020-11,1,5,26.32
2020-11,1,10,52.63
2020-11,1,6,31.58
2020-11,1,4,21.05
2020-11,1,12,63.16
2020-11,1,4,21.05
2020-11,1,6,31.58
2020-11,1,4,21.05
2020-11,1,6,31.58
2020-11,1,6,31.58
2020-11,1,5,26.32
2020-11,1,1,5.26
2020-11,1,1,5.26
2020-11,1,1,5.26
2020-11,1,6,31.58
2020-11,1,6,31.58
2020-11,1,3,15.79
2020-11,1,16,84.21
2020-11,1,6,31.58
2020-11,1,5,26.32
2020-11,1,24,126.32
2020-11,1,20,105.26
2020-11,1,13,68.42
2020-11,1,15,78.95
2020-11,1,8,42.11
2020-11,1,24,126.32
2020-11,1,1,5.26
2020-11,1,12,63.16
2020-11,1,7,36.84
2020-11,1,4,21.05
2020-11,1,13,68.42
2020-11,1,5,26.32
2020-11,1,11,57.89
2020-11,1,2,10.53
2020-11,1,7,36.84
2020-11,1,12,63.16
2020-11,1,13,68.42
2020-11,1,5,26.32
2020-11,1,1,5.26
2020-11,1,9,47.37
2020-11,1,2,10.53
2020-11,1,2,10.53
2020-11,1,1,5.26
2020-11,1,2,18.18
2020-11,1,3,27.27
2020-11,1,7,63.64
2020-11,1,4,36.36
2020-11,1,8,72.73
2020-11,1,16,145.45
2020-11,1,6,54.55
2020-11,1,11,100.0
2020-11,1,12,109.09
2020-11,1,7,63.64
2020-11,1,10,90.91
2020-11,1,5,45.45
2020-11,1,19,172.73
2020-11,1,11,100.0
2020-11,1,12,109.09
2020-11,1,8,72.73
2020-11,1,4,36.36
2020-11,1,9,81.82
2020-11,1,7,63.64
2020-11,1,2,18.18
2020-11,1,7,63.64
2020-11,1,1,9.09
2020-11,1,1,9.09
2020-11,1,2,18.18
2020-11,1,2,18.18
2020-11,1,3,27.27
2020-11,1,1,9.09
2020-11,1,1,9.09
2020-11,1,6,200.0
2020-11,1,4,133.33
2020-11,1,5,166.67
2020-11,1,8,266.67
2020-11,1,8,266.67
2020-11,1,8,266.67
2020-11,1,5,166.67
2020-11,1,4,133.33
2020-11,1,6,200.0
2020-11,1,4,133.33
2020-11,1,8,266.67
2020-11,1,5,166.67
2020-11,1,7,233.33
2020-11,1,2,66.67
2020-11,1,2,66.67
2020-11,1,2,66.67
2020-11,1,3,100.0
2020-11,1,1,33.33
2020-11,1,3,100.0
2020-11,1,3,100.0
2020-11,1,4,133.33
2020-11,1,4,133.33
2020-11,1,1,33.33
2020-11,1,2,66.67
2020-11,1,1,33.33
2020-11,1,2,66.67
2020-11,1,1,33.33
2020-11,1,3,100.0
2020-11,1,1,33.33
2020-11,1,3,100.0
2020-11,1,5,166.67
2020-11,1,4,133.33
2020-11,1,4,133.33
2020-11,1,1,33.33
2020-11,1,2,66.67
2020-11,1,11,366.67
2020-11,1,3,100.0
2020-11,1,5,166.67
2020-11,1,5,166.67
2020-11,1,2,66.67
2020-11,1,3,100.0
2020-11,1,2,66.67
2020-11,1,1,33.33
2020-11,1,6,200.0
2020-11,1,5,166.67
2020-11,1,2,66.67
2020-11,1,1,33.33
2020-11,1,7,233.33
2020-11,1,3,100.0
2020-11,1,1,33.33
2020-11,1,2,66.67
2020-11,1,1,33.33
2020-11,1,4,133.33
2020-11,1,2,66.67
2020-11,1,1,33.33
2020-11,1,1,33.33
2020-11,1,8,57.14
2020-11,1,2,14.29
2020-11,1,14,100.0
2020-11,1,6,42.86
2020-11,1,6,42.86
2020-11,1,11,78.57
2020-11,1,8,57.14
2020-11,1,4,28.57
2020-11,1,16,114.29
2020-11,1,2,14.29
2020-11,1,10,71.43
2020-11,1,2,14.29
2020-11,1,4,28.57
2020-11,1,9,64.29
2020-11,1,1,7.14
2020-11,1,15,107.14
2020-11,1,14,100.0
2020-11,1,3,21.43
2020-11,1,12,85.71
2020-11,1,4,28.57
2020-11,1,9,64.29
2020-11,1,11,78.57
2020-11,1,3,21.43
2020-11,1,2,14.29
2020-11,1,11,78.57
2020-11,1,4,28.57
2020-11,1,2,14.29
2020-11,1,1,7.14
2020-11,1,1,7.14
2020-11,1,3,42.86
2020-11,1,9,128.57
2020-11,1,15,214.29
2020-11,1,2,28.57
2020-11,1,23,328.57
2020-11,1,21,300.0
2020-11,1,11,157.14
2020-11,1,16,228.57
2020-11,1,8,114.29
2020-11,1,3,42.86
2020-11,1,24,342.86
2020-11,1,7,100.0
2020-11,1,17,242.86
2020-11,1,7,100.0
2020-11,1,3,42.86
2020-11,1,5,71.43
2020-11,1,5,71.43
2020-11,1,5,71.43
2020-11,1,11,157.14
2020-11,1,18,257.14
2020-11,1,6,85.71
2020-11,1,7,100.0
2020-11,1,3,42.86
2020-11,1,18,257.14
2020-11,1,3,42.86
2020-11,1,3,42.86
2020-11,1,1,14.29
2020-11,1,1,14.29
2020-11,1,1,14.29
2020-11,1,1,14.29
2020-11,1,8,61.54
2020-11,1,11,84.62
2020-11,1,15,115.38
2020-11,1,19,146.15
2020-11,1,18,138.46
2020-11,1,8,61.54
2020-11,1,15,115.38
2020-11,1,6,46.15
2020-11,1,6,46.15
2020-11,1,15,115.38
2020-11,1,19,146.15
2020-11,1,11,84.62
2020-11,1,20,153.85
2020-11,1,4,30.77
2020-11,1,18,138.46
2020-11,1,15,115.38
2020-11,1,7,53.85
2020-11,1,16,123.08
2020-11,1,5,38.46
2020-11,1,4,30.77
2020-11,1,11,84.62
2020-11,1,12,92.31
2020-11,1,5,38.46
2020-11,1,1,7.69
2020-11,1,2,15.38
2020-11,1,2,15.38
2020-11,1,2,15.38
2020-11,1,2,15.38
2020-11,1,1,7.69
2020-11,1,5,31.25
2020-11,1,2,12.5
2020-11,1,25,156.25
2020-11,1,17,106.25
2020-11,1,23,143.75
2020-11,1,8,50.0
2020-11,1,17,106.25
2020-11,1,17,106.25
2020-11,1,25,156.25
2020-11,1,15,93.75
2020-11,1,1,6.25
2020-11,1,9,56.25
2020-11,1,12,75.0
2020-11,1,8,50.0
2020-11,1,17,106.25
2020-11,1,10,62.5
2020-11,1,10,62.5
2020-11,1,8,50.0
2020-11,1,4,25.0
2020-11,1,12,75.0
2020-11,1,7,43.75
2020-11,1,7,43.75
2020-11,1,7,43.75
2020-11,1,4,25.0
2020-11,1,9,56.25
2020-11,1,3,18.75
2020-11,1,2,12.5
2020-11,1,5,31.25
2020-11,1,2,12.5
2020-11,1,1,6.25
2020-11,1,9,128.57
2020-11,1,3,42.86
2020-11,1,12,171.43
2020-11,1,3,42.86
2020-11,1,6,85.71
2020-11,1,16,228.57
2020-11,1,15,214.29
2020-11,1,12,171.43
2020-11,1,20,285.71
2020-11,1,20,285.71
2020-11,1,14,200.0
2020-11,1,25,357.14
2020-11,1,5,71.43
2020-11,1,5,71.43
2020-11,1,12,171.43
2020-11,1,9,128.57
2020-11,1,4,57.14
2020-11,1,2,28.57
2020-11,1,5,71.43
2020-11,1,6,85.71
2020-11,1,2,28.57
2020-11,1,4,57.14
2020-11,1,3,42.86
2020-11,1,9,128.57
2020-11,1,3,42.86
2020-11,1,1,14.29
2020-11,1,2,28.57
2020-11,1,7,100.0
2020-11,1,5,71.43
2020-11,1,1,14.29
2020-11,1,7,58.33
2020-11,1,7,58.33
2020-11,1,3,25.0
2020-11,1,2,16.67
2020-11,1,7,58.33
2020-11,1,5,41.67
2020-11,1,5,41.67
2020-11,1,7,58.33
2020-11,1,4,33.33
2020-11,1,4,33.33
2020-11,1,2,16.67
2020-11,1,1,8.33
2020-11,1,6,50.0
2020-11,1,5,41.67
2020-11,1,2,16.67
2020-11,1,3,25.0
2020-11,1,3,25.0
2020-11,1,3,25.0
2020-11,1,1,8.33
2020-11,1,6,50.0
2020-11,1,4,33.33
2020-11,1,5,41.67
2020-11,1,2,16.67
2020-11,1,4,33.33
2020-11,1,1,8.33
2020-11,1,2,16.67
2020-11,1,2,16.67
2020-11,1,1,8.33
2020-11,1,1,8.33
2020-11,1,1,8.33
2020-11,1,5,55.56
2020-11,1,4,44.44
2020-11,1,2,22.22
2020-11,1,5,55.56
2020-11,1,3,33.33
2020-11,1,4,44.44
2020-11,1,6,66.67
2020-11,1,1,11.11
2020-11,1,4,44.44
2020-11,1,4,44.44
2020-11,1,2,22.22
2020-11,1,4,44.44
2020-11,1,2,22.22
2020-11,1,8,88.89
2020-11,1,5,55.56
2020-11,1,2,22.22
2020-11,1,3,33.33
2020-11,1,1,11.11
2020-11,1,2,22.22
2020-11,1,3,33.33
2020-11,1,3,33.33
2020-11,1,3,33.33
2020-11,1,1,11.11
2020-11,1,1,11.11
2020-11,1,2,22.22
2020-11,1,1,11.11
2020-11,1,4,23.53
2020-11,1,7,41.18
2020-11,1,9,52.94
2020-11,1,2,11.76
2020-11,1,12,70.59
2020-11,1,3,17.65
2020-11,1,18,105.88
2020-11,1,4,23.53
2020-11,1,8,47.06
2020-11,1,13,76.47
2020-11,1,1,5.88
2020-11,1,2,11.76
2020-11,1,8,47.06
2020-11,1,18,105.88
2020-11,1,13,76.47
2020-11,1,15,88.24
2020-11,1,15,88.24
2020-11,1,13,76.47
2020-11,1,4,23.53
2020-11,1,2,11.76
2020-11,1,9,52.94
2020-11,1,10,58.82
2020-11,1,3,17.65
2020-11,1,11,64.71
2020-11,1,3,17.65
2020-11,1,2,11.76
2020-11,1,2,11.76
2020-11,1,4,23.53
2020-11,1,1,5.88
2020-11,1,1,5.88
2020-11,1,2,11.76
2020-11,1,12,57.14
2020-11,1,21,100.0
2020-11,1,7,33.33
2020-11,1,20,95.24
2020-11,1,25,119.05
2020-11,1,2,9.52
2020-11,1,12,57.14
2020-11,1,31,147.62
2020-11,1,18,85.71
2020-11,1,18,85.71
2020-11,1,4,19.05
2020-11,1,29,138.1
2020-11,1,14,66.67
2020-11,1,18,85.71
2020-11,1,21,100.0
2020-11,1,5,23.81
2020-11,1,21,100.0
2020-11,1,12,57.14
2020-11,1,14,66.67
2020-11,1,6,28.57
2020-11,1,8,38.1
2020-11,1,10,47.62
2020-11,1,1,4.76
2020-11,1,23,109.52
2020-11,1,4,19.05
2020-11,1,7,33.33
2020-11,1,3,14.29
2020-11,1,6,28.57
2020-11,1,2,9.52
2020-11,1,1,4.76
2020-11,1,1,4.76
2020-11,1,6,35.29
2020-11,1,16,94.12
2020-11,1,7,41.18
2020-11,1,21,123.53
2020-11,1,11,64.71
2020-11,1,8,47.06
2020-11,1,1,5.88
2020-11,1,13,76.47
2020-11,1,6,35.29
2020-11,1,25,147.06
2020-11,1,19,111.76
2020-11,1,13,76.47
2020-11,1,9,52.94
2020-11,1,7,41.18
2020-11,1,11,64.71
2020-11,1,5,29.41
2020-11,1,17,100.0
2020-11,1,7,41.18
2020-11,1,18,105.88
2020-11,1,9,52.94
2020-11,1,1,5.88
2020-11,1,19,111.76
2020-11,1,10,58.82
2020-11,1,2,11.76
2020-11,1,2,11.76
2020-11,1,2,11.76
2020-11,1,2,11.76
2020-11,1,3,17.65
2020-11,1,1,5.88
2020-11,1,3,13.04
2020-11,1,5,21.74
2020-11,1,17,73.91
2020-11,1,13,56.52
2020-11,1,13,56.52
2020-11,1,26,113.04
2020-11,1,21,91.3
2020-11,1,7,30.43
2020-11,1,3,13.04
2020-11,1,24,104.35
2020-11,1,23,100.0
2020-11,1,1,4.35
2020-11,1,28,121.74
2020-11,1,3,13.04
2020-11,1,12,52.17
2020-11,1,20,86.96
2020-11,1,14,60.87
2020-11,1,17,73.91
2020-11,1,2,8.7
2020-11,1,5,21.74
2020-11,1,17,73.91
2020-11,1,9,39.13
2020-11,1,7,30.43
2020-11,1,1,4.35
2020-11,1,1,4.35
2020-11,1,2,8.7
2020-11,1,9,39.13
2020-11,1,1,4.35
2020-11,1,2,8.7
2020-11,1,1,4.35
2020-11,1,4,16.67
2020-11,1,10,41.67
2020-11,1,13,54.17
2020-11,1,13,54.17
2020-11,1,4,16.67
2020-11,1,12,50.0
2020-11,1,25,104.17
2020-11,1,21,87.5
2020-11,1,7,29.17
2020-11,1,27,112.5
2020-11,1,13,54.17
2020-11,1,19,79.17
2020-11,1,3,12.5
2020-11,1,6,25.0
2020-11,1,24,100.0
2020-11,1,10,41.67
2020-11,1,12,50.0
2020-11,1,15,62.5
2020-11,1,5,20.83
2020-11,1,7,29.17
2020-11,1,18,75.0
2020-11,1,4,16.67
2020-11,1,2,8.33
2020-11,1,4,16.67
2020-11,1,3,12.5
2020-11,1,7,29.17
2020-11,1,15,62.5
2020-11,1,1,4.17
2020-11,1,6,25.0
2020-11,1,2,8.33
2020-11,1,1,4.17
2020-11,1,7,30.43
2020-11,1,9,39.13
2020-11,1,4,17.39
2020-11,1,18,78.26
2020-11,1,10,43.48
2020-11,1,10,43.48
2020-11,1,7,30.43
2020-11,1,3,13.04
2020-11,1,6,26.09
2020-11,1,5,21.74
2020-11,1,5,21.74
2020-11,1,4,17.39
2020-11,1,5,21.74
2020-11,1,2,8.7
2020-11,1,10,43.48
2020-11,1,17,73.91
2020-11,1,1,4.35
2020-11,1,5,21.74
2020-11,1,12,52.17
2020-11,1,9,39.13
2020-11,1,12,52.17
2020-11,1,2,8.7
2020-11,1,5,21.74
2020-11,1,8,34.78
2020-11,1,7,30.43
2020-11,1,1,4.35
2020-11,1,2,8.7
2020-11,1,2,8.7
2020-11,1,2,8.7
2020-11,1,1,4.35
2020-11,1,3,15.0
2020-11,1,6,30.0
2020-11,1,6,30.0
2020-11,1,4,20.0
2020-11,1,8,40.0
2020-11,1,5,25.0
2020-11,1,7,35.0
2020-11,1,9,45.0
2020-11,1,6,30.0
2020-11,1,11,55.0
2020-11,1,2,10.0
2020-11,1,2,10.0
2020-11,1,6,30.0
2020-11,1,2,10.0
2020-11,1,1,5.0
2020-11,1,8,40.0
2020-11,1,2,10.0
2020-11,1,5,25.0
2020-11,1,1,5.0
2020-11,1,12,60.0
2020-11,1,1,5.0
2020-11,1,3,15.0
2020-11,1,2,10.0
2020-11,1,4,20.0
2020-11,1,1,5.0
2020-11,1,2,10.0
2020-11,1,3,15.0
2020-11,1,2,10.0
2020-11,1,1,5.0
2020-11,1,1,5.0
2020-11,1,6,18.75
2020-11,1,8,25.0
2020-11,1,14,43.75
2020-11,1,2,6.25
2020-11,1,13,40.63
2020-11,1,24,75.0
2020-11,1,2,6.25
2020-11,1,29,90.63
2020-11,1,8,25.0
2020-11,1,3,9.38
2020-11,1,18,56.25
2020-11,1,26,81.25
2020-11,1,12,37.5
2020-11,1,6,18.75
2020-11,1,23,71.88
2020-11,1,3,9.38
2020-11,1,13,40.63
2020-11,1,12,37.5
2020-11,1,21,65.63
2020-11,1,10,31.25
2020-11,1,1,3.13
2020-11,1,6,18.75
2020-11,1,11,34.38
2020-11,1,7,21.88
2020-11,1,13,40.63
2020-11,1,3,9.38
2020-11,1,12,37.5
2020-11,1,2,6.25
2020-11,1,3,9.38
2020-11,1,1,3.13
2020-11,1,1,3.13
2020-11,1,12,25.53
2020-11,1,13,27.66
2020-11,1,19,40.43
2020-11,1,4,8.51
2020-11,1,25,53.19
2020-11,1,28,59.57
2020-11,1,2,4.26
2020-11,1,9,19.15
2020-11,1,28,59.57
2020-11,1,22,46.81
2020-11,1,13,27.66
2020-11,1,9,19.15
2020-11,1,53,112.77
2020-11,1,16,34.04
2020-11,1,33,70.21
2020-11,1,29,61.7
2020-11,1,6,12.77
2020-11,1,17,36.17
2020-11,1,25,53.19
2020-11,1,15,31.91
2020-11,1,4,8.51
2020-11,1,19,40.43
2020-11,1,6,12.77
2020-11,1,12,25.53
2020-11,1,9,19.15
2020-11,1,5,10.64
2020-11,1,1,2.13
2020-11,1,1,2.13
2020-11,1,5,10.64
2020-11,1,3,6.38
2020-11,1,1,2.13
2020-11,1,9,16.36
2020-11,1,12,21.82
2020-11,1,10,18.18
2020-11,1,40,72.73
2020-11,1,6,10.91
2020-11,1,27,49.09
2020-11,1,3,5.45
2020-11,1,23,41.82
2020-11,1,16,29.09
2020-11,1,54,98.18
2020-11,1,24,43.64
2020-11,1,22,40.0
2020-11,1,18,32.73
2020-11,1,7,12.73
2020-11,1,11,20.0
2020-11,1,5,9.09
2020-11,1,3,5.45
2020-11,1,5,9.09
2020-11,1,2,3.64
2020-11,1,13,23.64
2020-11,1,7,12.73
2020-11,1,15,27.27
2020-11,1,3,5.45
2020-11,1,2,3.64
2020-11,1,4,7.27
2020-11,1,11,20.0
2020-11,1,3,5.45
2020-11,1,1,1.82
2020-11,1,6,11.76
2020-11,1,7,13.73
2020-11,1,8,15.69
2020-11,1,6,11.76
2020-11,1,31,60.78
2020-11,1,27,52.94
2020-11,1,9,17.65
2020-11,1,15,29.41
2020-11,1,16,31.37
2020-11,1,12,23.53
2020-11,1,36,70.59
2020-11,1,10,19.61
2020-11,1,13,25.49
2020-11,1,13,25.49
2020-11,1,7,13.73
2020-11,1,26,50.98
2020-11,1,11,21.57
2020-11,1,5,9.8
2020-11,1,9,17.65
2020-11,1,6,11.76
2020-11,1,5,9.8
2020-11,1,4,7.84
2020-11,1,2,3.92
2020-11,1,4,7.84
2020-11,1,3,5.88
2020-11,1,2,3.92
2020-11,1,1,1.96
2020-11,1,3,5.88
2020-11,1,2,3.92
2020-11,1,1,1.96
2020-11,1,8,12.12
2020-11,1,13,19.7
2020-11,1,8,12.12
2020-11,1,27,40.91
2020-11,1,1,1.52
2020-11,1,5,7.58
2020-11,1,13,19.7
2020-11,1,13,19.7
2020-11,1,5,7.58
2020-11,1,14,21.21
2020-11,1,15,22.73
2020-11,1,3,4.55
2020-11,1,31,46.97
2020-11,1,11,16.67
2020-11,1,15,22.73
2020-11,1,17,25.76
2020-11,1,9,13.64
2020-11,1,15,22.73
2020-11,1,10,15.15
2020-11,1,4,6.06
2020-11,1,6,9.09
2020-11,1,7,10.61
2020-11,1,4,6.06
2020-11,1,5,7.58
2020-11,1,3,4.55
2020-11,1,3,4.55
2020-11,1,7,10.61
2020-11,1,2,3.03
2020-11,1,3,4.55
2020-11,1,2,3.03
2020-11,1,9,15.52
2020-11,1,7,12.07
2020-11,1,3,5.17
2020-11,1,25,43.1
2020-11,1,5,8.62
2020-11,1,19,32.76
2020-11,1,19,32.76
2020-11,1,14,24.14
2020-11,1,13,22.41
2020-11,1,34,58.62
2020-11,1,15,25.86
2020-11,1,11,18.97
2020-11,1,5,8.62
2020-11,1,8,13.79
2020-11,1,10,17.24
2020-11,1,3,5.17
2020-11,1,10,17.24
2020-11,1,7,12.07
2020-11,1,3,5.17
2020-11,1,6,10.34
2020-11,1,3,5.17
2020-11,1,5,8.62
2020-11,1,4,6.9
2020-11,1,4,6.9
2020-11,1,3,5.17
2020-11,1,7,12.07
2020-11,1,4,6.9
2020-11,1,3,5.17
2020-11,1,1,1.72
2020-11,1,2,3.45
2020-11,1,2,3.45
2020-11,1,11,9.02
2020-11,1,6,4.92
2020-11,1,24,19.67
2020-11,1,17,13.93
2020-11,1,14,11.48
2020-11,1,18,14.75
2020-11,1,8,6.56
2020-11,1,5,4.1
2020-11,1,11,9.02
2020-11,1,38,31.15
2020-11,1,9,7.38
2020-11,1,6,4.92
2020-11,1,13,10.66
2020-11,1,9,7.38
2020-11,1,2,1.64
2020-11,1,1,0.82
2020-11,1,3,2.46
2020-11,1,5,4.1
2020-11,1,6,4.92
2020-11,1,4,3.28
2020-11,1,4,3.28
2020-11,1,5,4.1
2020-11,1,11,9.02
2020-11,1,4,3.28
2020-11,1,3,2.46
2020-11,1,1,0.82
2020-11,1,1,0.82
2020-11,1,3,2.46
2020-11,1,4,3.28
2020-11,1,10,0.31
2020-11,1,19,0.59
2020-11,1,25,0.78
2020-11,1,79,2.46
2020-11,1,46,1.43
2020-11,1,6,0.19
2020-11,1,24,0.75
2020-11,1,34,1.06
2020-11,1,26,0.81
2020-11,1,9,0.28
2020-11,1,8,0.25
2020-11,1,21,0.65
2020-11,1,202,6.29
2020-11,1,19,0.59
2020-11,1,22,0.69
2020-11,1,35,1.09
2020-11,1,8,0.25
2020-11,1,5,0.16
2020-11,1,21,0.65
2020-11,1,24,0.75
2020-11,1,3,0.09
2020-11,1,8,0.25
2020-11,1,4,0.12
2020-11,1,5,0.16
2020-11,1,5,0.16
2020-11,1,1,0.03
2020-11,1,3,0.09
2020-11,1,1,0.03
2020-11,1,1,0.03
2020-11,1,2,0.06
2020-11,2,2,28.57
2020-11,2,1,14.29
2020-11,2,4,57.14
2020-11,2,1,14.29
2020-11,2,2,28.57
2020-11,2,1,14.29
2020-11,2,2,28.57
2020-11,2,2,28.57
2020-11,2,1,14.29
2020-11,2,1,14.29
2020-11,2,1,14.29
2020-11,2,1,14.29
2020-11,2,3,42.86
2020-11,2,2,28.57
2020-11,2,1,14.29
2020-11,2,3,42.86
2020-11,2,1,14.29
2020-11,2,1,14.29
2020-11,2,2,28.57
2020-11,2,1,14.29
2020-11,2,2,28.57
2020-11,2,6,25.0
2020-11,2,7,29.17
2020-11,2,4,16.67
2020-11,2,3,12.5
2020-11,2,2,8.33
2020-11,2,3,12.5
2020-11,2,4,16.67
2020-11,2,5,20.83
2020-11,2,1,4.17
2020-11,2,7,29.17
2020-11,2,1,4.17
2020-11,2,4,16.67
2020-11,2,5,20.83
2020-11,2,2,8.33
2020-11,2,1,4.17
2020-11,2,3,12.5
2020-11,2,4,16.67
2020-11,2,1,4.17
2020-11,2,4,16.67
2020-11,2,3,12.5
2020-11,2,3,12.5
2020-11,2,2,8.33
2020-11,2,1,4.17
2020-11,2,1,4.17
2020-11,2,1,4.17
2020-11,2,7,7.95
2020-11,2,1,1.14
2020-11,2,5,5.68
2020-11,2,23,26.14
2020-11,2,4,4.55
2020-11,2,8,9.09
2020-11,2,1,1.14
2020-11,2,2,2.27
2020-11,2,2,2.27
2020-11,2,7,7.95
2020-11,2,7,7.95
2020-11,2,6,6.82
2020-11,2,4,4.55
2020-11,2,1,1.14
2020-11,2,2,2.27
2020-11,2,4,4.55
2020-11,2,5,5.68
2020-11,2,3,3.41
2020-11,2,1,1.14
2020-11,2,2,2.27
2020-11,2,1,1.14
2020-11,2,3,3.41
2020-11,2,5,5.68
2020-11,2,6,6.82
2020-11,2,2,2.27
2020-11,2,5,5.68
2020-11,2,2,2.27
2020-11,2,4,4.55
2020-11,2,6,6.82
2020-11,2,1,1.14
2020-11,2,4,21.05
2020-11,2,4,21.05
2020-11,2,5,26.32
2020-11,2,10,52.63
2020-11,2,3,15.79
2020-11,2,5,26.32
2020-11,2,1,5.26
2020-11,2,3,15.79
2020-11,2,5,26.32
2020-11,2,1,5.26
2020-11,2,5,26.32
2020-11,2,7,36.84
2020-11,2,1,5.26
2020-11,2,7,36.84
2020-11,2,2,10.53
2020-11,2,1,5.26
2020-11,2,3,15.79
2020-11,2,5,26.32
2020-11,2,3,15.79
2020-11,2,5,26.32
2020-11,2,4,21.05
2020-11,2,2,10.53
2020-11,2,3,15.79
2020-11,2,3,15.79
2020-11,2,2,10.53
2020-11,2,1,5.26
2020-11,2,1,5.26
2020-11,2,3,15.79
2020-11,2,4,21.05
2020-11,2,5,26.32
2020-11,2,6,31.58
2020-11,2,4,21.05
2020-11,2,1,5.26
2020-11,2,1,5.26
2020-11,2,7,36.84
2020-11,2,2,10.53
2020-11,2,3,15.79
2020-11,2,1,5.26
2020-11,2,4,21.05
2020-11,2,3,15.79
2020-11,2,4,21.05
2020-11,2,5,26.32
2020-11,2,5,26.32
2020-11,2,3,15.79
2020-11,2,2,10.53
2020-11,2,1,5.26
2020-11,2,1,5.26
2020-11,2,2,10.53
2020-11,2,1,5.26
2020-11,2,2,10.53
2020-11,2,1,5.26
2020-11,2,5,45.45
2020-11,2,5,45.45
2020-11,2,2,18.18
2020-11,2,5,45.45
2020-11,2,5,45.45
2020-11,2,5,45.45
2020-11,2,2,18.18
2020-11,2,3,27.27
2020-11,2,2,18.18
2020-11,2,4,36.36
2020-11,2,1,9.09
2020-11,2,2,18.18
2020-11,2,3,27.27
2020-11,2,4,36.36
2020-11,2,5,45.45
2020-11,2,2,18.18
2020-11,2,1,9.09
2020-11,2,2,18.18
2020-11,2,1,9.09
2020-11,2,1,9.09
2020-11,2,1,9.09
2020-11,2,2,18.18
2020-11,2,1,9.09
2020-11,2,4,36.36
2020-11,2,2,18.18
2020-11,2,2,66.67
2020-11,2,1,33.33
2020-11,2,1,33.33
2020-11,2,3,100.0
2020-11,2,1,33.33
2020-11,2,2,66.67
2020-11,2,2,66.67
2020-11,2,2,66.67
2020-11,2,1,33.33
2020-11,2,2,66.67
2020-11,2,1,33.33
2020-11,2,1,33.33
2020-11,2,1,33.33
2020-11,2,1,33.33
2020-11,2,1,33.33
2020-11,2,1,33.33
2020-11,2,1,33.33
2020-11,2,1,33.33
2020-11,2,1,33.33
2020-11,2,1,33.33
2020-11,2,1,33.33
2020-11,2,1,33.33
2020-11,2,1,33.33
2020-11,2,2,66.67
2020-11,2,1,33.33
2020-11,2,2,66.67
2020-11,2,2,66.67
2020-11,2,3,100.0
2020-11,2,2,66.67
2020-11,2,3,100.0
2020-11,2,1,33.33
2020-11,2,4,133.33
2020-11,2,1,33.33
2020-11,2,1,33.33
2020-11,2,1,33.33
2020-11,2,1,33.33
2020-11,2,1,33.33
2020-11,2,1,33.33
2020-11,2,1,33.33
2020-11,2,3,21.43
2020-11,2,4,28.57
2020-11,2,3,21.43
2020-11,2,5,35.71
2020-11,2,2,14.29
2020-11,2,1,7.14
2020-11,2,6,42.86
2020-11,2,3,21.43
2020-11,2,3,21.43
2020-11,2,2,14.29
2020-11,2,3,21.43
2020-11,2,1,7.14
2020-11,2,3,21.43
2020-11,2,4,28.57
2020-11,2,3,21.43
2020-11,2,3,21.43
2020-11,2,2,14.29
2020-11,2,2,14.29
2020-11,2,3,21.43
2020-11,2,1,7.14
2020-11,2,3,21.43
2020-11,2,1,7.14
2020-11,2,2,14.29
2020-11,2,1,7.14
2020-11,2,1,7.14
2020-11,2,1,7.14
2020-11,2,1,7.14
2020-11,2,1,7.14
2020-11,2,2,28.57
2020-11,2,2,28.57
2020-11,2,3,42.86
2020-11,2,2,28.57
2020-11,2,4,57.14
2020-11,2,3,42.86
2020-11,2,3,42.86
2020-11,2,3,42.86
2020-11,2,5,71.43
2020-11,2,3,42.86
2020-11,2,1,14.29
2020-11,2,1,14.29
2020-11,2,2,28.57
2020-11,2,2,28.57
2020-11,2,1,14.29
2020-11,2,1,14.29
2020-11,2,1,14.29
2020-11,2,3,42.86
2020-11,2,2,28.57
2020-11,2,1,14.29
2020-11,2,3,42.86
2020-11,2,1,14.29
2020-11,2,1,14.29
2020-11,2,1,14.29
2020-11,2,2,28.57
2020-11,2,1,14.29
2020-11,2,8,61.54
2020-11,2,5,38.46
2020-11,2,6,46.15
2020-11,2,3,23.08
2020-11,2,1,7.69
2020-11,2,5,38.46
2020-11,2,3,23.08
2020-11,2,2,15.38
2020-11,2,2,15.38
2020-11,2,3,23.08
2020-11,2,7,53.85
2020-11,2,3,23.08
2020-11,2,2,15.38
2020-11,2,1,7.69
2020-11,2,2,15.38
2020-11,2,5,38.46
2020-11,2,4,30.77
2020-11,2,3,23.08
2020-11,2,4,30.77
2020-11,2,3,23.08
2020-11,2,3,23.08
2020-11,2,2,15.38
2020-11,2,3,23.08
2020-11,2,2,15.38
2020-11,2,3,23.08
2020-11,2,3,23.08
2020-11,2,1,7.69
2020-11,2,1,7.69
2020-11,2,3,18.75
2020-11,2,3,18.75
2020-11,2,9,56.25
2020-11,2,4,25.0
2020-11,2,2,12.5
2020-11,2,1,6.25
2020-11,2,1,6.25
2020-11,2,2,12.5
2020-11,2,3,18.75
2020-11,2,4,25.0
2020-11,2,1,6.25
2020-11,2,5,31.25
2020-11,2,4,25.0
2020-11,2,4,25.0
2020-11,2,5,31.25
2020-11,2,3,18.75
2020-11,2,8,50.0
2020-11,2,5,31.25
2020-11,2,4,25.0
2020-11,2,5,31.25
2020-11,2,2,12.5
2020-11,2,3,18.75
2020-11,2,2,12.5
2020-11,2,2,12.5
2020-11,2,2,12.5
2020-11,2,2,12.5
2020-11,2,1,6.25
2020-11,2,2,28.57
2020-11,2,2,28.57
2020-11,2,9,128.57
2020-11,2,9,128.57
2020-11,2,4,57.14
2020-11,2,3,42.86
2020-11,2,4,57.14
2020-11,2,4,57.14
2020-11,2,3,42.86
2020-11,2,4,57.14
2020-11,2,1,14.29
2020-11,2,2,28.57
2020-11,2,2,28.57
2020-11,2,4,57.14
2020-11,2,3,42.86
2020-11,2,3,42.86
2020-11,2,1,14.29
2020-11,2,4,57.14
2020-11,2,4,57.14
2020-11,2,1,14.29
2020-11,2,2,28.57
2020-11,2,2,28.57
2020-11,2,1,14.29
2020-11,2,1,14.29
2020-11,2,1,14.29
2020-11,2,2,16.67
2020-11,2,3,25.0
2020-11,2,1,8.33
2020-11,2,1,8.33
2020-11,2,2,16.67
2020-11,2,1,8.33
2020-11,2,1,8.33
2020-11,2,1,8.33
2020-11,2,4,33.33
2020-11,2,1,8.33
2020-11,2,1,8.33
2020-11,2,1,8.33
2020-11,2,1,8.33
2020-11,2,1,8.33
2020-11,2,2,16.67
2020-11,2,2,16.67
2020-11,2,1,8.33
2020-11,2,1,8.33
2020-11,2,1,11.11
2020-11,2,2,22.22
2020-11,2,1,11.11
2020-11,2,2,22.22
2020-11,2,2,22.22
2020-11,2,2,22.22
2020-11,2,1,11.11
2020-11,2,2,22.22
2020-11,2,1,11.11
2020-11,2,1,11.11
2020-11,2,1,11.11
2020-11,2,2,22.22
2020-11,2,1,11.11
2020-11,2,1,11.11
2020-11,2,1,11.11
2020-11,2,1,11.11
2020-11,2,5,29.41
2020-11,2,3,17.65
2020-11,2,5,29.41
2020-11,2,4,23.53
2020-11,2,5,29.41
2020-11,2,2,11.76
2020-11,2,1,5.88
2020-11,2,2,11.76
2020-11,2,4,23.53
2020-11,2,3,17.65
2020-11,2,4,23.53
2020-11,2,1,5.88
2020-11,2,4,23.53
2020-11,2,1,5.88
2020-11,2,2,11.76
2020-11,2,1,5.88
2020-11,2,2,11.76
2020-11,2,1,5.88
2020-11,2,1,5.88
2020-11,2,1,5.88
2020-11,2,1,5.88
2020-11,2,1,5.88
2020-11,2,1,5.88
2020-11,2,4,19.05
2020-11,2,4,19.05
2020-11,2,1,4.76
2020-11,2,2,9.52
2020-11,2,1,4.76
2020-11,2,4,19.05
2020-11,2,1,4.76
2020-11,2,5,23.81
2020-11,2,7,33.33
2020-11,2,3,14.29
2020-11,2,2,9.52
2020-11,2,2,9.52
2020-11,2,2,9.52
2020-11,2,6,28.57
2020-11,2,1,4.76
2020-11,2,2,9.52
2020-11,2,1,4.76
2020-11,2,4,19.05
2020-11,2,1,4.76
2020-11,2,2,9.52
2020-11,2,1,4.76
2020-11,2,1,4.76
2020-11,2,2,11.76
2020-11,2,5,29.41
2020-11,2,3,17.65
2020-11,2,5,29.41
2020-11,2,2,11.76
2020-11,2,3,17.65
2020-11,2,5,29.41
2020-11,2,5,29.41
2020-11,2,1,5.88
2020-11,2,4,23.53
2020-11,2,4,23.53
2020-11,2,2,11.76
2020-11,2,5,29.41
2020-11,2,2,11.76
2020-11,2,4,23.53
2020-11,2,1,5.88
2020-11,2,4,23.53
2020-11,2,1,5.88
2020-11,2,3,17.65
2020-11,2,9,52.94
2020-11,2,4,23.53
2020-11,2,1,5.88
2020-11,2,2,11.76
2020-11,2,3,17.65
2020-11,2,1,5.88
2020-11,2,2,11.76
2020-11,2,1,5.88
2020-11,2,1,5.88
2020-11,2,1,5.88
2020-11,2,4,17.39
2020-11,2,2,8.7
2020-11,2,4,17.39
2020-11,2,3,13.04
2020-11,2,6,26.09
2020-11,2,4,17.39
2020-11,2,3,13.04
2020-11,2,4,17.39
2020-11,2,3,13.04
2020-11,2,2,8.7
2020-11,2,3,13.04
2020-11,2,2,8.7
2020-11,2,1,4.35
2020-11,2,1,4.35
2020-11,2,3,13.04
2020-11,2,2,8.7
2020-11,2,1,4.35
2020-11,2,1,4.35
2020-11,2,1,4.35
2020-11,2,1,4.35
2020-11,2,1,4.35
2020-11,2,1,4.35
2020-11,2,1,4.35
2020-11,2,3,12.5
2020-11,2,9,37.5
2020-11,2,3,12.5
2020-11,2,4,16.67
2020-11,2,6,25.0
2020-11,2,1,4.17
2020-11,2,5,20.83
2020-11,2,4,16.67
2020-11,2,4,16.67
2020-11,2,3,12.5
2020-11,2,3,12.5
2020-11,2,1,4.17
2020-11,2,3,12.5
2020-11,2,1,4.17
2020-11,2,1,4.17
2020-11,2,1,4.17
2020-11,2,6,25.0
2020-11,2,3,12.5
2020-11,2,1,4.17
2020-11,2,2,8.33
2020-11,2,2,8.33
2020-11,2,3,12.5
2020-11,2,2,8.33
2020-11,2,1,4.17
2020-11,2,1,4.17
2020-11,2,1,4.17
2020-11,2,2,8.7
2020-11,2,3,13.04
2020-11,2,2,8.7
2020-11,2,4,17.39
2020-11,2,3,13.04
2020-11,2,1,4.35
2020-11,2,4,17.39
2020-11,2,2,8.7
2020-11,2,2,8.7
2020-11,2,3,13.04
2020-11,2,2,8.7
2020-11,2,1,4.35
2020-11,2,4,17.39
2020-11,2,1,4.35
2020-11,2,2,8.7
2020-11,2,3,13.04
2020-11,2,1,4.35
2020-11,2,3,13.04
2020-11,2,1,4.35
2020-11,2,1,4.35
2020-11,2,1,4.35
2020-11,2,1,4.35
2020-11,2,2,8.7
2020-11,2,1,5.0
2020-11,2,1,5.0
2020-11,2,1,5.0
2020-11,2,1,5.0
2020-11,2,3,15.0
2020-11,2,1,5.0
2020-11,2,1,5.0
2020-11,2,3,15.0
2020-11,2,1,5.0
2020-11,2,1,5.0
2020-11,2,1,5.0
2020-11,2,2,10.0
2020-11,2,1,5.0
2020-11,2,1,5.0
2020-11,2,1,5.0
2020-11,2,1,5.0
2020-11,2,9,28.13
2020-11,2,1,3.13
2020-11,2,3,9.38
2020-11,2,6,18.75
2020-11,2,3,9.38
2020-11,2,3,9.38
2020-11,2,5,15.63
2020-11,2,2,6.25
2020-11,2,4,12.5
2020-11,2,3,9.38
2020-11,2,8,25.0
2020-11,2,4,12.5
2020-11,2,2,6.25
2020-11,2,5,15.63
2020-11,2,1,3.13
2020-11,2,2,6.25
2020-11,2,2,6.25
2020-11,2,2,6.25
2020-11,2,1,3.13
2020-11,2,4,12.5
2020-11,2,1,3.13
2020-11,2,5,15.63
2020-11,2,2,6.25
2020-11,2,1,3.13
2020-11,2,3,9.38
2020-11,2,2,6.25
2020-11,2,1,3.13
2020-11,2,6,12.77
2020-11,2,3,6.38
2020-11,2,7,14.89
2020-11,2,7,14.89
2020-11,2,3,6.38
2020-11,2,6,12.77
2020-11,2,15,31.91
2020-11,2,4,8.51
2020-11,2,4,8.51
2020-11,2,3,6.38
2020-11,2,5,10.64
2020-11,2,6,12.77
2020-11,2,2,4.26
2020-11,2,4,8.51
2020-11,2,4,8.51
2020-11,2,1,2.13
2020-11,2,5,10.64
2020-11,2,1,2.13
2020-11,2,7,14.89
2020-11,2,7,14.89
2020-11,2,5,10.64
2020-11,2,4,8.51
2020-11,2,2,4.26
2020-11,2,1,2.13
2020-11,2,1,2.13
2020-11,2,2,4.26
2020-11,2,9,16.36
2020-11,2,12,21.82
2020-11,2,5,9.09
2020-11,2,2,3.64
2020-11,2,1,1.82
2020-11,2,4,7.27
2020-11,2,1,1.82
2020-11,2,5,9.09
2020-11,2,4,7.27
2020-11,2,2,3.64
2020-11,2,6,10.91
2020-11,2,3,5.45
2020-11,2,2,3.64
2020-11,2,2,3.64
2020-11,2,3,5.45
2020-11,2,2,3.64
2020-11,2,2,3.64
2020-11,2,3,5.45
2020-11,2,2,3.64
2020-11,2,3,5.45
2020-11,2,3,5.45
2020-11,2,2,3.64
2020-11,2,1,1.82
2020-11,2,1,1.82
2020-11,2,1,1.82
2020-11,2,1,1.82
2020-11,2,3,5.88
2020-11,2,1,1.96
2020-11,2,4,7.84
2020-11,2,1,1.96
2020-11,2,2,3.92
2020-11,2,4,7.84
2020-11,2,3,5.88
2020-11,2,1,1.96
2020-11,2,4,7.84
2020-11,2,2,3.92
2020-11,2,5,9.8
2020-11,2,2,3.92
2020-11,2,2,3.92
2020-11,2,2,3.92
2020-11,2,2,3.92
2020-11,2,3,5.88
2020-11,2,3,5.88
2020-11,2,2,3.92
2020-11,2,1,1.96
2020-11,2,2,3.92
2020-11,2,1,1.96
2020-11,2,1,1.96
2020-11,2,1,1.96
2020-11,2,1,1.96
2020-11,2,1,1.96
2020-11,2,1,1.96
2020-11,2,2,3.03
2020-11,2,3,4.55
2020-11,2,5,7.58
2020-11,2,2,3.03
2020-11,2,4,6.06
2020-11,2,2,3.03
2020-11,2,1,1.52
2020-11,2,2,3.03
2020-11,2,1,1.52
2020-11,2,4,6.06
2020-11,2,1,1.52
2020-11,2,5,7.58
2020-11,2,2,3.03
2020-11,2,2,3.03
2020-11,2,2,3.03
2020-11,2,1,1.52
2020-11,2,1,1.52
2020-11,2,1,1.52
2020-11,2,1,1.52
2020-11,2,1,1.52
2020-11,2,1,1.52
2020-11,2,1,1.52
2020-11,2,1,1.52
2020-11,2,3,5.17
2020-11,2,2,3.45
2020-11,2,3,5.17
2020-11,2,2,3.45
2020-11,2,2,3.45
2020-11,2,5,8.62
2020-11,2,1,1.72
2020-11,2,1,1.72
2020-11,2,3,5.17
2020-11,2,5,8.62
2020-11,2,3,5.17
2020-11,2,1,1.72
2020-11,2,6,10.34
2020-11,2,3,5.17
2020-11,2,2,3.45
2020-11,2,3,5.17
2020-11,2,2,3.45
2020-11,2,1,1.72
2020-11,2,1,1.72
2020-11,2,1,1.72
2020-11,2,2,3.45
2020-11,2,4,6.9
2020-11,2,1,1.72
2020-11,2,4,6.9
2020-11,2,1,1.72
2020-11,2,1,1.72
2020-11,2,1,1.72
2020-11,2,1,1.72
2020-11,2,2,1.64
2020-11,2,2,1.64
2020-11,2,3,2.46
2020-11,2,1,0.82
2020-11,2,2,1.64
2020-11,2,2,1.64
2020-11,2,3,2.46
2020-11,2,2,1.64
2020-11,2,3,2.46
2020-11,2,2,1.64
2020-11,2,2,1.64
2020-11,2,1,0.82
2020-11,2,2,1.64
2020-11,2,1,0.82
2020-11,2,1,0.82
2020-11,2,1,0.82
2020-11,2,1,0.82
2020-11,2,1,0.82
2020-11,2,2,1.64
2020-11,2,1,0.82
2020-11,2,1,0.82
2020-11,2,1,0.82
2020-11,2,2,1.64
2020-11,2,3,0.09
2020-11,2,3,0.09
2020-11,2,8,0.25
2020-11,2,5,0.16
2020-11,2,2,0.06
2020-11,2,3,0.09
2020-11,2,2,0.06
2020-11,2,3,0.09
2020-11,2,5,0.16
2020-11,2,6,0.19
2020-11,2,8,0.25
2020-11,2,8,0.25
2020-11,2,1,0.03
2020-11,2,3,0.09
2020-11,2,3,0.09
2020-11,2,2,0.06
2020-11,2,3,0.09
2020-11,2,4,0.12
2020-11,2,1,0.03
2020-11,2,4,0.12
2020-11,2,1,0.03
2020-11,2,3,0.09
2020-11,2,2,0.06
2020-11,2,1,0.03
2020-11,2,1,0.03
2020-11,2,1,0.03
2020-12,0,7,100.0
2020-12,0,8,114.29
2020-12,0,18,257.14
2020-12,0,27,385.71
2020-12,0,20,285.71
2020-12,0,207,2957.14
2020-12,0,9,128.57
2020-12,0,7,100.0
2020-12,0,81,1157.14
2020-12,0,8,114.29
2020-12,0,23,328.57
2020-12,0,4,57.14
2020-12,0,51,728.57
2020-12,0,36,514.29
2020-12,0,17,242.86
2020-12,0,22,314.29
2020-12,0,3480,49714.29
2020-12,0,3,42.86
2020-12,0,19,271.43
2020-12,0,30,428.57
2020-12,0,40,571.43
2020-12,0,9,128.57
2020-12,0,15,214.29
2020-12,0,39,557.14
2020-12,0,3,42.86
2020-12,0,9,128.57
2020-12,0,5,71.43
2020-12,0,2,28.57
2020-12,0,4,57.14
2020-12,0,3,42.86
2020-12,0,1,14.29
2020-12,0,16,100.0
2020-12,0,20,125.0
2020-12,0,10,62.5
2020-12,0,3,18.75
2020-12,0,26,162.5
2020-12,0,6,37.5
2020-12,0,3307,20668.75
2020-12,0,237,1481.25
2020-12,0,36,225.0
2020-12,0,82,512.5
2020-12,0,48,300.0
2020-12,0,3,18.75
2020-12,0,29,181.25
2020-12,0,27,168.75
2020-12,0,50,312.5
2020-12,0,11,68.75
2020-12,0,10,62.5
2020-12,0,37,231.25
2020-12,0,5,31.25
2020-12,0,5,31.25
2020-12,0,10,62.5
2020-12,0,16,100.0
2020-12,0,28,175.0
2020-12,0,3,18.75
2020-12,0,3,18.75
2020-12,0,13,81.25
2020-12,0,3,18.75
2020-12,0,1,6.25
2020-12,0,3,18.75
2020-12,0,4,25.0
2020-12,0,14,100.0
2020-12,0,21,150.0
2020-12,0,27,192.86
2020-12,0,11,78.57
2020-12,0,14,100.0
2020-12,0,8,57.14
2020-12,0,8,57.14
2020-12,0,3634,25957.14
2020-12,0,60,428.57
2020-12,0,186,1328.57
2020-12,0,67,478.57
2020-12,0,22,157.14
2020-12,0,8,57.14
2020-12,0,45,321.43
2020-12,0,3,21.43
2020-12,0,27,192.86
2020-12,0,29,207.14
2020-12,0,56,400.0
2020-12,0,10,71.43
2020-12,0,8,57.14
2020-12,0,49,350.0
2020-12,0,11,78.57
2020-12,0,4,28.57
2020-12,0,5,35.71
2020-12,0,6,42.86
2020-12,0,4,28.57
2020-12,0,2,14.29
2020-12,0,1,7.14
2020-12,0,3,21.43
2020-12,0,6,100.0
2020-12,0,12,200.0
2020-12,0,23,383.33
2020-12,0,22,366.67
2020-12,0,6,100.0
2020-12,0,12,200.0
2020-12,0,9,150.0
2020-12,0,139,2316.67
2020-12,0,3366,56100.0
2020-12,0,75,1250.0
2020-12,0,20,333.33
2020-12,0,11,183.33
2020-12,0,52,866.67
2020-12,0,38,633.33
2020-12,0,37,616.67
2020-12,0,101,1683.33
2020-12,0,10,166.67
2020-12,0,13,216.67
2020-12,0,52,866.67
2020-12,0,7,116.67
2020-12,0,14,233.33
2020-12,0,7,116.67
2020-12,0,4,66.67
2020-12,0,4,66.67
2020-12,0,8,133.33
2020-12,0,1,16.67
2020-12,0,1,16.67
2020-12,0,3,50.0
2020-12,0,17,100.0
2020-12,0,12,70.59
2020-12,0,7,41.18
2020-12,0,16,94.12
2020-12,0,1,5.88
2020-12,0,2575,15147.06
2020-12,0,52,305.88
2020-12,0,11,64.71
2020-12,0,5,29.41
2020-12,0,136,800.0
2020-12,0,6,35.29
2020-12,0,18,105.88
2020-12,0,22,129.41
2020-12,0,59,347.06
2020-12,0,9,52.94
2020-12,0,28,164.71
2020-12,0,8,47.06
2020-12,0,2,11.76
2020-12,0,2,11.76
2020-12,0,1,5.88
2020-12,0,5,29.41
2020-12,0,5,29.41
2020-12,0,2,11.76
2020-12,0,3,17.65
2020-12,0,7,41.18
2020-12,0,3,17.65
2020-12,0,2,11.76
2020-12,0,4,100.0
2020-12,0,8,200.0
2020-12,0,40,1000.0
2020-12,0,6,150.0
2020-12,0,2461,61525.0
2020-12,0,10,250.0
2020-12,0,12,300.0
2020-12,0,18,450.0
2020-12,0,134,3350.0
2020-12,0,24,600.0
2020-12,0,10,250.0
2020-12,0,11,275.0
2020-12,0,4,100.0
2020-12,0,6,150.0
2020-12,0,17,425.0
2020-12,0,4,100.0
2020-12,0,7,175.0
2020-12,0,3,75.0
2020-12,0,3,75.0
2020-12,0,2,50.0
2020-12,0,6,150.0
2020-12,0,2,50.0
2020-12,0,3,75.0
2020-12,0,3,75.0
2020-12,0,1,25.0
2020-12,0,15,100.0
2020-12,0,6,40.0
2020-12,0,29,193.33
2020-12,0,11,73.33
2020-12,0,1,6.67
2020-12,0,257,1713.33
2020-12,0,15,100.0
2020-12,0,5,33.33
2020-12,0,39,260.0
2020-12,0,55,366.67
2020-12,0,3855,25700.0
2020-12,0,19,126.67
2020-12,0,84,560.0
2020-12,0,11,73.33
2020-12,0,21,140.0
2020-12,0,5,33.33
2020-12,0,3,20.0
2020-12,0,2,13.33
2020-12,0,6,40.0
2020-12,0,2,13.33
2020-12,0,7,46.67
2020-12,0,1,6.67
2020-12,0,3,20.0
2020-12,0,28,100.0
2020-12,0,28,100.0
2020-12,0,42,150.0
2020-12,0,38,135.71
2020-12,0,3,10.71
2020-12,0,12,42.86
2020-12,0,8,28.57
2020-12,0,18,64.29
2020-12,0,5659,20210.71
2020-12,0,23,82.14
2020-12,0,6,21.43
2020-12,0,11,39.29
2020-12,0,63,225.0
2020-12,0,114,407.14
2020-12,0,19,67.86
2020-12,0,12,42.86
2020-12,0,234,835.71
2020-12,0,4,14.29
2020-12,0,7,25.0
2020-12,0,2,7.14
2020-12,0,2,7.14
2020-12,0,4,14.29
2020-12,0,4,14.29
2020-12,0,5,17.86
2020-12,0,37,100.0
2020-12,0,41,110.81
2020-12,0,5,13.51
2020-12,0,42,113.51
2020-12,0,9,24.32
2020-12,0,3,8.11
2020-12,0,19,51.35
2020-12,0,17,45.95
2020-12,0,23,62.16
2020-12,0,5,13.51
2020-12,0,92,248.65
2020-12,0,224,605.41
2020-12,0,26,70.27
2020-12,0,21,56.76
2020-12,0,4559,12321.62
2020-12,0,9,24.32
2020-12,0,36,97.3
2020-12,0,8,21.62
2020-12,0,7,18.92
2020-12,0,8,21.62
2020-12,0,6,16.22
2020-12,0,2,5.41
2020-12,0,5,100.0
2020-12,0,54,1080.0
2020-12,0,43,860.0
2020-12,0,44,880.0
2020-12,0,52,1040.0
2020-12,0,21,420.0
2020-12,0,10,200.0
2020-12,0,9,180.0
2020-12,0,34,680.0
2020-12,0,11,220.0
2020-12,0,213,4260.0
2020-12,0,4279,85580.0
2020-12,0,31,620.0
2020-12,0,15,300.0
2020-12,0,10,200.0
2020-12,0,10,200.0
2020-12,0,10,200.0
2020-12,0,5,100.0
2020-12,0,4,80.0
2020-12,0,3,60.0
2020-12,0,9,180.0
2020-12,0,4,80.0
2020-12,0,9,100.0
2020-12,0,143,1588.89
2020-12,0,41,455.56
2020-12,0,48,533.33
2020-12,0,77,855.56
2020-12,0,2,22.22
2020-12,0,4,44.44
2020-12,0,17,188.89
2020-12,0,27,300.0
2020-12,0,5,55.56
2020-12,0,4045,44944.44
2020-12,0,54,600.0
2020-12,0,30,333.33
2020-12,0,13,144.44
2020-12,0,13,144.44
2020-12,0,8,88.89
2020-12,0,7,77.78
2020-12,0,4,44.44
2020-12,0,8,88.89
2020-12,0,5,55.56
2020-12,0,1,11.11
2020-12,0,6,100.0
2020-12,0,3211,53516.67
2020-12,0,28,466.67
2020-12,0,40,666.67
2020-12,0,19,316.67
2020-12,0,52,866.67
2020-12,0,5,83.33
2020-12,0,3,50.0
2020-12,0,7,116.67
2020-12,0,23,383.33
2020-12,0,12,200.0
2020-12,0,100,1666.67
2020-12,0,12,200.0
2020-12,0,5,83.33
2020-12,0,8,133.33
2020-12,0,3,50.0
2020-12,0,3,50.0
2020-12,0,8,133.33
2020-12,0,7,116.67
2020-12,0,5,83.33
2020-12,0,2,100.0
2020-12,0,25,1250.0
2020-12,0,38,1900.0
2020-12,0,10,500.0
2020-12,0,89,4450.0
2020-12,0,3,150.0
2020-12,0,20,1000.0
2020-12,0,4,200.0
2020-12,0,6,300.0
2020-12,0,7,350.0
2020-12,0,2937,146850.0
2020-12,0,16,800.0
2020-12,0,3,150.0
2020-12,0,8,400.0
2020-12,0,3,150.0
2020-12,0,4,200.0
2020-12,0,3,150.0
2020-12,0,4,200.0
2020-12,0,3,150.0
2020-12,0,6,100.0
2020-12,0,76,1266.67
2020-12,0,200,3333.33
2020-12,0,14,233.33
2020-12,0,3791,63183.33
2020-12,0,3,50.0
2020-12,0,24,400.0
2020-12,0,6,100.0
2020-12,0,23,383.33
2020-12,0,35,583.33
2020-12,0,8,133.33
2020-12,0,22,366.67
2020-12,0,6,100.0
2020-12,0,15,250.0
2020-12,0,9,150.0
2020-12,0,5,83.33
2020-12,0,3,50.0
2020-12,0,4,66.67
2020-12,0,5,100.0
2020-12,0,210,4200.0
2020-12,0,4113,82260.0
2020-12,0,24,480.0
2020-12,0,7,140.0
2020-12,0,22,440.0
2020-12,0,28,560.0
2020-12,0,76,1520.0
2020-12,0,11,220.0
2020-12,0,12,240.0
2020-12,0,42,840.0
2020-12,0,10,200.0
2020-12,0,12,240.0
2020-12,0,8,160.0
2020-12,0,13,260.0
2020-12,0,11,220.0
2020-12,0,5,100.0
2020-12,0,3946,100.0
2020-12,0,18,0.46
2020-12,0,32,0.81
2020-12,0,11,0.28
2020-12,0,40,1.01
2020-12,0,4,0.1
2020-12,0,158,4.0
2020-12,0,8,0.2
2020-12,0,13,0.33
2020-12,0,48,1.22
2020-12,0,7,0.18
2020-12,0,5,0.13
2020-12,0,9,0.23
2020-12,0,5,0.13
2020-12,0,20,0.51
2020-12,0,1,0.03
2020-12,0,13,100.0
2020-12,0,42,323.08
2020-12,0,28,215.38
2020-12,0,42,323.08
2020-12,0,3922,30169.23
2020-12,0,27,207.69
2020-12,0,155,1192.31
2020-12,0,8,61.54
2020-12,0,19,146.15
2020-12,0,4,30.77
2020-12,0,7,53.85
2020-12,0,10,76.92
2020-12,0,11,84.62
2020-12,0,5,38.46
2020-12,0,4,30.77
2020-12,0,11,100.0
2020-12,0,125,1136.36
2020-12,0,9,81.82
2020-12,0,43,390.91
2020-12,0,8,72.73
2020-12,0,46,418.18
2020-12,0,12,109.09
2020-12,0,13,118.18
2020-12,0,41,372.73
2020-12,0,3629,32990.91
2020-12,0,13,118.18
2020-12,0,24,218.18
2020-12,0,7,63.64
2020-12,0,6,54.55
2020-12,0,15,100.0
2020-12,0,2815,18766.67
2020-12,0,9,60.0
2020-12,0,27,180.0
2020-12,0,37,246.67
2020-12,0,8,53.33
2020-12,0,5,33.33
2020-12,0,93,620.0
2020-12,0,9,60.0
2020-12,0,25,166.67
2020-12,0,7,46.67
2020-12,0,6,40.0
2020-12,0,3,20.0
2020-12,0,6,100.0
2020-12,0,30,500.0
2020-12,0,4,66.67
2020-12,0,99,1650.0
2020-12,0,9,150.0
2020-12,0,2623,43716.67
2020-12,0,6,100.0
2020-12,0,15,250.0
2020-12,0,4,66.67
2020-12,0,3,50.0
2020-12,0,8,133.33
2020-12,0,6,100.0
2020-12,0,15,100.0
2020-12,0,111,740.0
2020-12,0,4,26.67
2020-12,0,3025,20166.67
2020-12,0,9,60.0
2020-12,0,14,93.33
2020-12,0,19,126.67
2020-12,0,11,73.33
2020-12,0,45,300.0
2020-12,0,20,133.33
2020-12,0,4,26.67
2020-12,0,23,100.0
2020-12,0,12,52.17
2020-12,0,2798,12165.22
2020-12,0,11,47.83
2020-12,0,9,39.13
2020-12,0,21,91.3
2020-12,0,18,78.26
2020-12,0,127,552.17
2020-12,0,15,65.22
2020-12,0,10,43.48
2020-12,0,70,100.0
2020-12,0,15,21.43
2020-12,0,10,14.29
2020-12,0,14,20.0
2020-12,0,19,27.14
2020-12,0,15,21.43
2020-12,0,23,32.86
2020-12,0,2600,3714.29
2020-12,0,6,8.57
2020-12,0,2288,100.0
2020-12,0,21,0.92
2020-12,0,25,1.09
2020-12,0,18,0.79
2020-12,0,69,3.02
2020-12,0,10,0.44
2020-12,0,20,0.87
2020-12,0,6,0.26
2020-12,0,9,100.0
2020-12,0,17,188.89
2020-12,0,6,66.67
2020-12,0,54,600.0
2020-12,0,11,122.22
2020-12,0,16,177.78
2020-12,0,2242,24911.11
2020-12,0,66,100.0
2020-12,0,13,19.7
2020-12,0,2254,3415.15
2020-12,0,28,42.42
2020-12,0,18,27.27
2020-12,0,4,6.06
2020-12,0,8,100.0
2020-12,0,2223,27787.5
2020-12,0,22,275.0
2020-12,0,69,862.5
2020-12,0,21,262.5
2020-12,0,44,100.0
2020-12,0,89,202.27
2020-12,0,2628,5972.73
2020-12,0,16,36.36
2020-12,0,30,100.0
2020-12,0,94,313.33
2020-12,0,2698,8993.33
2020-12,0,65,100.0
2020-12,0,2558,3935.38
2020-12,0,2143,100.0
2020-12,1,5,71.43
2020-12,1,9,128.57
2020-12,1,2,28.57
2020-12,1,6,85.71
2020-12,1,4,57.14
2020-12,1,4,57.14
2020-12,1,2,28.57
2020-12,1,4,57.14
2020-12,1,1,14.29
2020-12,1,4,57.14
2020-12,1,1,14.29
2020-12,1,5,71.43
2020-12,1,3,42.86
2020-12,1,2,28.57
2020-12,1,4,57.14
2020-12,1,1,14.29
2020-12,1,3,42.86
2020-12,1,3,42.86
2020-12,1,1,14.29
2020-12,1,3,42.86
2020-12,1,3,42.86
2020-12,1,1,14.29
2020-12,1,1,14.29
2020-12,1,1,14.29
2020-12,1,1,14.29
2020-12,1,2,28.57
2020-12,1,3,42.86
2020-12,1,1,14.29
2020-12,1,4,25.0
2020-12,1,2,12.5
2020-12,1,3,18.75
2020-12,1,4,25.0
2020-12,1,4,25.0
2020-12,1,3,18.75
2020-12,1,3,18.75
2020-12,1,2,12.5
2020-12,1,5,31.25
2020-12,1,3,18.75
2020-12,1,5,31.25
2020-12,1,4,25.0
2020-12,1,5,31.25
2020-12,1,2,12.5
2020-12,1,3,18.75
2020-12,1,1,6.25
2020-12,1,3,18.75
2020-12,1,1,6.25
2020-12,1,5,31.25
2020-12,1,3,18.75
2020-12,1,1,6.25
2020-12,1,1,6.25
2020-12,1,1,6.25
2020-12,1,1,6.25
2020-12,1,3,18.75
2020-12,1,3,18.75
2020-12,1,6,37.5
2020-12,1,1,6.25
2020-12,1,1,6.25
2020-12,1,3,21.43
2020-12,1,2,14.29
2020-12,1,5,35.71
2020-12,1,6,42.86
2020-12,1,8,57.14
2020-12,1,4,28.57
2020-12,1,4,28.57
2020-12,1,6,42.86
2020-12,1,4,28.57
2020-12,1,6,42.86
2020-12,1,4,28.57
2020-12,1,6,42.86
2020-12,1,2,14.29
2020-12,1,7,50.0
2020-12,1,6,42.86
2020-12,1,2,14.29
2020-12,1,4,28.57
2020-12,1,1,7.14
2020-12,1,3,21.43
2020-12,1,3,21.43
2020-12,1,4,28.57
2020-12,1,2,14.29
2020-12,1,6,42.86
2020-12,1,2,14.29
2020-12,1,2,14.29
2020-12,1,1,7.14
2020-12,1,1,7.14
2020-12,1,1,7.14
2020-12,1,2,14.29
2020-12,1,1,7.14
2020-12,1,6,100.0
2020-12,1,2,33.33
2020-12,1,5,83.33
2020-12,1,8,133.33
2020-12,1,4,66.67
2020-12,1,11,183.33
2020-12,1,11,183.33
2020-12,1,2,33.33
2020-12,1,10,166.67
2020-12,1,6,100.0
2020-12,1,3,50.0
2020-12,1,4,66.67
2020-12,1,3,50.0
2020-12,1,5,83.33
2020-12,1,5,83.33
2020-12,1,2,33.33
2020-12,1,1,16.67
2020-12,1,5,83.33
2020-12,1,3,50.0
2020-12,1,3,50.0
2020-12,1,3,50.0
2020-12,1,3,50.0
2020-12,1,1,16.67
2020-12,1,2,33.33
2020-12,1,2,33.33
2020-12,1,1,16.67
2020-12,1,1,16.67
2020-12,1,2,33.33
2020-12,1,1,5.88
2020-12,1,4,23.53
2020-12,1,2,11.76
2020-12,1,3,17.65
2020-12,1,3,17.65
2020-12,1,3,17.65
2020-12,1,2,11.76
2020-12,1,4,23.53
2020-12,1,1,5.88
2020-12,1,3,17.65
2020-12,1,2,11.76
2020-12,1,2,11.76
2020-12,1,2,11.76
2020-12,1,4,23.53
2020-12,1,3,17.65
2020-12,1,3,17.65
2020-12,1,3,17.65
2020-12,1,4,23.53
2020-12,1,2,11.76
2020-12,1,2,11.76
2020-12,1,2,11.76
2020-12,1,3,17.65
2020-12,1,1,5.88
2020-12,1,2,11.76
2020-12,1,2,11.76
2020-12,1,2,11.76
2020-12,1,1,5.88
2020-12,1,1,5.88
2020-12,1,1,25.0
2020-12,1,3,75.0
2020-12,1,2,50.0
2020-12,1,6,150.0
2020-12,1,2,50.0
2020-12,1,1,25.0
2020-12,1,4,100.0
2020-12,1,3,75.0
2020-12,1,3,75.0
2020-12,1,1,25.0
2020-12,1,3,75.0
2020-12,1,3,75.0
2020-12,1,3,75.0
2020-12,1,1,25.0
2020-12,1,2,50.0
2020-12,1,2,50.0
2020-12,1,1,25.0
2020-12,1,1,25.0
2020-12,1,2,50.0
2020-12,1,1,25.0
2020-12,1,1,25.0
2020-12,1,1,25.0
2020-12,1,4,26.67
2020-12,1,2,13.33
2020-12,1,11,73.33
2020-12,1,11,73.33
2020-12,1,14,93.33
2020-12,1,10,66.67
2020-12,1,9,60.0
2020-12,1,2,13.33
2020-12,1,2,13.33
2020-12,1,5,33.33
2020-12,1,6,40.0
2020-12,1,7,46.67
2020-12,1,3,20.0
2020-12,1,5,33.33
2020-12,1,5,33.33
2020-12,1,2,13.33
2020-12,1,2,13.33
2020-12,1,4,26.67
2020-12,1,2,13.33
2020-12,1,1,6.67
2020-12,1,1,6.67
2020-12,1,2,13.33
2020-12,1,2,13.33
2020-12,1,1,6.67
2020-12,1,3,20.0
2020-12,1,2,13.33
2020-12,1,1,6.67
2020-12,1,1,6.67
2020-12,1,1,6.67
2020-12,1,2,13.33
2020-12,1,8,28.57
2020-12,1,4,14.29
2020-12,1,5,17.86
2020-12,1,9,32.14
2020-12,1,4,14.29
2020-12,1,16,57.14
2020-12,1,4,14.29
2020-12,1,10,35.71
2020-12,1,39,139.29
2020-12,1,4,14.29
2020-12,1,3,10.71
2020-12,1,10,35.71
2020-12,1,9,32.14
2020-12,1,8,28.57
2020-12,1,2,7.14
2020-12,1,3,10.71
2020-12,1,1,3.57
2020-12,1,3,10.71
2020-12,1,2,7.14
2020-12,1,1,3.57
2020-12,1,4,14.29
2020-12,1,3,10.71
2020-12,1,2,7.14
2020-12,1,8,28.57
2020-12,1,3,10.71
2020-12,1,4,14.29
2020-12,1,2,7.14
2020-12,1,1,3.57
2020-12,1,1,3.57
2020-12,1,5,13.51
2020-12,1,8,21.62
2020-12,1,4,10.81
2020-12,1,8,21.62
2020-12,1,9,24.32
2020-12,1,21,56.76
2020-12,1,3,8.11
2020-12,1,7,18.92
2020-12,1,4,10.81
2020-12,1,9,24.32
2020-12,1,4,10.81
2020-12,1,9,24.32
2020-12,1,4,10.81
2020-12,1,2,5.41
2020-12,1,4,10.81
2020-12,1,9,24.32
2020-12,1,8,21.62
2020-12,1,2,5.41
2020-12,1,1,2.7
2020-12,1,3,8.11
2020-12,1,4,10.81
2020-12,1,2,5.41
2020-12,1,6,16.22
2020-12,1,4,10.81
2020-12,1,8,21.62
2020-12,1,2,5.41
2020-12,1,5,13.51
2020-12,1,4,10.81
2020-12,1,2,5.41
2020-12,1,1,2.7
2020-12,1,11,220.0
2020-12,1,8,160.0
2020-12,1,6,120.0
2020-12,1,11,220.0
2020-12,1,1,20.0
2020-12,1,12,240.0
2020-12,1,2,40.0
2020-12,1,10,200.0
2020-12,1,12,240.0
2020-12,1,12,240.0
2020-12,1,9,180.0
2020-12,1,4,80.0
2020-12,1,5,100.0
2020-12,1,6,120.0
2020-12,1,4,80.0
2020-12,1,4,80.0
2020-12,1,11,220.0
2020-12,1,8,160.0
2020-12,1,5,100.0
2020-12,1,3,60.0
2020-12,1,3,60.0
2020-12,1,4,80.0
2020-12,1,3,60.0
2020-12,1,5,100.0
2020-12,1,2,40.0
2020-12,1,4,80.0
2020-12,1,2,40.0
2020-12,1,2,40.0
2020-12,1,2,40.0
2020-12,1,1,20.0
2020-12,1,1,20.0
2020-12,1,6,66.67
2020-12,1,8,88.89
2020-12,1,8,88.89
2020-12,1,6,66.67
2020-12,1,9,100.0
2020-12,1,7,77.78
2020-12,1,1,11.11
2020-12,1,5,55.56
2020-12,1,3,33.33
2020-12,1,4,44.44
2020-12,1,8,88.89
2020-12,1,2,22.22
2020-12,1,9,100.0
2020-12,1,3,33.33
2020-12,1,2,22.22
2020-12,1,3,33.33
2020-12,1,5,55.56
2020-12,1,3,33.33
2020-12,1,2,22.22
2020-12,1,5,55.56
2020-12,1,3,33.33
2020-12,1,1,11.11
2020-12,1,5,55.56
2020-12,1,3,33.33
2020-12,1,5,55.56
2020-12,1,3,33.33
2020-12,1,2,22.22
2020-12,1,1,11.11
2020-12,1,2,33.33
2020-12,1,8,133.33
2020-12,1,7,116.67
2020-12,1,4,66.67
2020-12,1,3,50.0
2020-12,1,3,50.0
2020-12,1,3,50.0
2020-12,1,2,33.33
2020-12,1,7,116.67
2020-12,1,5,83.33
2020-12,1,4,66.67
2020-12,1,6,100.0
2020-12,1,1,16.67
2020-12,1,2,33.33
2020-12,1,3,50.0
2020-12,1,2,33.33
2020-12,1,1,16.67
2020-12,1,2,33.33
2020-12,1,4,66.67
2020-12,1,2,33.33
2020-12,1,1,16.67
2020-12,1,1,16.67
2020-12,1,1,16.67
2020-12,1,3,50.0
2020-12,1,3,50.0
2020-12,1,2,33.33
2020-12,1,1,16.67
2020-12,1,1,16.67
2020-12,1,2,33.33
2020-12,1,1,50.0
2020-12,1,3,150.0
2020-12,1,3,150.0
2020-12,1,2,100.0
2020-12,1,2,100.0
2020-12,1,1,50.0
2020-12,1,1,50.0
2020-12,1,2,100.0
2020-12,1,3,150.0
2020-12,1,1,50.0
2020-12,1,2,100.0
2020-12,1,3,150.0
2020-12,1,2,100.0
2020-12,1,2,100.0
2020-12,1,3,150.0
2020-12,1,4,200.0
2020-12,1,3,150.0
2020-12,1,3,150.0
2020-12,1,1,50.0
2020-12,1,2,100.0
2020-12,1,1,50.0
2020-12,1,1,50.0
2020-12,1,2,100.0
2020-12,1,1,50.0
2020-12,1,1,50.0
2020-12,1,4,66.67
2020-12,1,1,16.67
2020-12,1,11,183.33
2020-12,1,6,100.0
2020-12,1,8,133.33
2020-12,1,9,150.0
2020-12,1,13,216.67
2020-12,1,9,150.0
2020-12,1,3,50.0
2020-12,1,5,83.33
2020-12,1,10,166.67
2020-12,1,3,50.0
2020-12,1,7,116.67
2020-12,1,13,216.67
2020-12,1,2,33.33
2020-12,1,4,66.67
2020-12,1,5,83.33
2020-12,1,5,83.33
2020-12,1,1,16.67
2020-12,1,4,66.67
2020-12,1,2,33.33
2020-12,1,3,50.0
2020-12,1,3,50.0
2020-12,1,3,50.0
2020-12,1,2,33.33
2020-12,1,1,16.67
2020-12,1,2,33.33
2020-12,1,1,16.67
2020-12,1,2,33.33
2020-12,1,1,16.67
2020-12,1,6,120.0
2020-12,1,14,280.0
2020-12,1,7,140.0
2020-12,1,4,80.0
2020-12,1,8,160.0
2020-12,1,10,200.0
2020-12,1,8,160.0
2020-12,1,14,280.0
2020-12,1,10,200.0
2020-12,1,17,340.0
2020-12,1,12,240.0
2020-12,1,8,160.0
2020-12,1,3,60.0
2020-12,1,3,60.0
2020-12,1,13,260.0
2020-12,1,8,160.0
2020-12,1,5,100.0
2020-12,1,6,120.0
2020-12,1,8,160.0
2020-12,1,3,60.0
2020-12,1,6,120.0
2020-12,1,2,40.0
2020-12,1,2,40.0
2020-12,1,2,40.0
2020-12,1,7,140.0
2020-12,1,3,60.0
2020-12,1,2,40.0
2020-12,1,2,40.0
2020-12,1,5,100.0
2020-12,1,1,20.0
2020-12,1,2,40.0
2020-12,1,6,0.15
2020-12,1,14,0.35
2020-12,1,3,0.08
2020-12,1,10,0.25
2020-12,1,7,0.18
2020-12,1,12,0.3
2020-12,1,19,0.48
2020-12,1,18,0.46
2020-12,1,13,0.33
2020-12,1,8,0.2
2020-12,1,5,0.13
2020-12,1,2,0.05
2020-12,1,3,0.08
2020-12,1,6,0.15
2020-12,1,11,0.28
2020-12,1,8,0.2
2020-12,1,9,0.23
2020-12,1,12,0.3
2020-12,1,10,0.25
2020-12,1,2,0.05
2020-12,1,2,0.05
2020-12,1,6,0.15
2020-12,1,3,0.08
2020-12,1,5,0.13
2020-12,1,2,0.05
2020-12,1,5,0.13
2020-12,1,2,0.05
2020-12,1,1,0.03
2020-12,1,1,0.03
2020-12,1,3,0.08
2020-12,1,1,0.03
2020-12,1,6,46.15
2020-12,1,4,30.77
2020-12,1,13,100.0
2020-12,1,6,46.15
2020-12,1,4,30.77
2020-12,1,5,38.46
2020-12,1,9,69.23
2020-12,1,22,169.23
2020-12,1,3,23.08
2020-12,1,6,46.15
2020-12,1,9,69.23
2020-12,1,3,23.08
2020-12,1,5,38.46
2020-12,1,10,76.92
2020-12,1,9,69.23
2020-12,1,4,30.77
2020-12,1,3,23.08
2020-12,1,11,84.62
2020-12,1,4,30.77
2020-12,1,5,38.46
2020-12,1,4,30.77
2020-12,1,4,30.77
2020-12,1,2,15.38
2020-12,1,6,46.15
2020-12,1,6,46.15
2020-12,1,2,15.38
2020-12,1,2,15.38
2020-12,1,4,30.77
2020-12,1,1,7.69
2020-12,1,1,7.69
2020-12,1,1,7.69
2020-12,1,6,54.55
2020-12,1,4,36.36
2020-12,1,4,36.36
2020-12,1,4,36.36
2020-12,1,6,54.55
2020-12,1,4,36.36
2020-12,1,5,45.45
2020-12,1,9,81.82
2020-12,1,4,36.36
2020-12,1,8,72.73
2020-12,1,13,118.18
2020-12,1,4,36.36
2020-12,1,1,9.09
2020-12,1,7,63.64
2020-12,1,5,45.45
2020-12,1,7,63.64
2020-12,1,3,27.27
2020-12,1,14,127.27
2020-12,1,3,27.27
2020-12,1,3,27.27
2020-12,1,10,90.91
2020-12,1,3,27.27
2020-12,1,8,72.73
2020-12,1,9,81.82
2020-12,1,1,9.09
2020-12,1,4,36.36
2020-12,1,2,18.18
2020-12,1,3,27.27
2020-12,1,1,9.09
2020-12,1,4,26.67
2020-12,1,7,46.67
2020-12,1,4,26.67
2020-12,1,3,20.0
2020-12,1,3,20.0
2020-12,1,2,13.33
2020-12,1,5,33.33
2020-12,1,4,26.67
2020-12,1,2,13.33
2020-12,1,3,20.0
2020-12,1,4,26.67
2020-12,1,3,20.0
2020-12,1,6,40.0
2020-12,1,2,13.33
2020-12,1,4,26.67
2020-12,1,5,33.33
2020-12,1,5,33.33
2020-12,1,1,6.67
2020-12,1,2,13.33
2020-12,1,1,6.67
2020-12,1,2,13.33
2020-12,1,4,26.67
2020-12,1,1,6.67
2020-12,1,2,13.33
2020-12,1,2,13.33
2020-12,1,1,6.67
2020-12,1,3,20.0
2020-12,1,1,6.67
2020-12,1,2,13.33
2020-12,1,5,83.33
2020-12,1,6,100.0
2020-12,1,2,33.33
2020-12,1,2,33.33
2020-12,1,6,100.0
2020-12,1,1,16.67
2020-12,1,1,16.67
2020-12,1,1,16.67
2020-12,1,1,16.67
2020-12,1,4,66.67
2020-12,1,3,50.0
2020-12,1,3,50.0
2020-12,1,3,50.0
2020-12,1,3,50.0
2020-12,1,2,33.33
2020-12,1,7,116.67
2020-12,1,1,16.67
2020-12,1,5,83.33
2020-12,1,2,33.33
2020-12,1,1,16.67
2020-12,1,2,33.33
2020-12,1,3,50.0
2020-12,1,2,33.33
2020-12,1,1,16.67
2020-12,1,1,16.67
2020-12,1,2,13.33
2020-12,1,9,60.0
2020-12,1,10,66.67
2020-12,1,9,60.0
2020-12,1,5,33.33
2020-12,1,8,53.33
2020-12,1,5,33.33
2020-12,1,5,33.33
2020-12,1,7,46.67
2020-12,1,3,20.0
2020-12,1,6,40.0
2020-12,1,3,20.0
2020-12,1,7,46.67
2020-12,1,4,26.67
2020-12,1,7,46.67
2020-12,1,4,26.67
2020-12,1,8,53.33
2020-12,1,5,33.33
2020-12,1,3,20.0
2020-12,1,10,66.67
2020-12,1,3,20.0
2020-12,1,6,40.0
2020-12,1,1,6.67
2020-12,1,6,40.0
2020-12,1,3,20.0
2020-12,1,3,20.0
2020-12,1,2,13.33
2020-12,1,1,6.67
2020-12,1,4,26.67
2020-12,1,1,6.67
2020-12,1,11,47.83
2020-12,1,2,8.7
2020-12,1,7,30.43
2020-12,1,5,21.74
2020-12,1,5,21.74
2020-12,1,9,39.13
2020-12,1,8,34.78
2020-12,1,7,30.43
2020-12,1,18,78.26
2020-12,1,4,17.39
2020-12,1,7,30.43
2020-12,1,3,13.04
2020-12,1,3,13.04
2020-12,1,4,17.39
2020-12,1,3,13.04
2020-12,1,9,39.13
2020-12,1,5,21.74
2020-12,1,2,8.7
2020-12,1,4,17.39
2020-12,1,9,39.13
2020-12,1,3,13.04
2020-12,1,3,13.04
2020-12,1,7,30.43
2020-12,1,4,17.39
2020-12,1,5,21.74
2020-12,1,2,8.7
2020-12,1,4,17.39
2020-12,1,5,21.74
2020-12,1,5,21.74
2020-12,1,1,4.35
2020-12,1,3,4.29
2020-12,1,4,5.71
2020-12,1,6,8.57
2020-12,1,11,15.71
2020-12,1,13,18.57
2020-12,1,7,10.0
2020-12,1,4,5.71
2020-12,1,7,10.0
2020-12,1,4,5.71
2020-12,1,10,14.29
2020-12,1,3,4.29
2020-12,1,1,1.43
2020-12,1,6,8.57
2020-12,1,19,27.14
2020-12,1,4,5.71
2020-12,1,4,5.71
2020-12,1,9,12.86
2020-12,1,2,2.86
2020-12,1,7,10.0
2020-12,1,6,8.57
2020-12,1,1,1.43
2020-12,1,4,5.71
2020-12,1,1,1.43
2020-12,1,6,8.57
2020-12,1,9,12.86
2020-12,1,6,8.57
2020-12,1,5,7.14
2020-12,1,3,4.29
2020-12,1,6,8.57
2020-12,1,3,4.29
2020-12,1,4,0.17
2020-12,1,2,0.09
2020-12,1,6,0.26
2020-12,1,3,0.13
2020-12,1,5,0.22
2020-12,1,14,0.61
2020-12,1,4,0.17
2020-12,1,4,0.17
2020-12,1,6,0.26
2020-12,1,5,0.22
2020-12,1,13,0.57
2020-12,1,1,0.04
2020-12,1,2,0.09
2020-12,1,4,0.17
2020-12,1,3,0.13
2020-12,1,4,0.17
2020-12,1,1,0.04
2020-12,1,4,0.17
2020-12,1,4,0.17
2020-12,1,1,0.04
2020-12,1,1,0.04
2020-12,1,2,0.09
2020-12,1,1,0.04
2020-12,1,2,0.09
2020-12,1,1,0.04
2020-12,1,2,22.22
2020-12,1,1,11.11
2020-12,1,5,55.56
2020-12,1,3,33.33
2020-12,1,2,22.22
2020-12,1,2,22.22
2020-12,1,3,33.33
2020-12,1,1,11.11
2020-12,1,2,22.22
2020-12,1,5,55.56
2020-12,1,3,33.33
2020-12,1,6,66.67
2020-12,1,2,22.22
2020-12,1,2,22.22
2020-12,1,2,22.22
2020-12,1,2,22.22
2020-12,1,5,55.56
2020-12,1,2,22.22
2020-12,1,1,11.11
2020-12,1,1,11.11
2020-12,1,1,11.11
2020-12,1,1,11.11
2020-12,1,1,11.11
2020-12,1,1,1.52
2020-12,1,1,1.52
2020-12,1,4,6.06
2020-12,1,5,7.58
2020-12,1,6,9.09
2020-12,1,3,4.55
2020-12,1,2,3.03
2020-12,1,6,9.09
2020-12,1,5,7.58
2020-12,1,4,6.06
2020-12,1,4,6.06
2020-12,1,2,3.03
2020-12,1,5,7.58
2020-12,1,2,3.03
2020-12,1,3,4.55
2020-12,1,1,1.52
2020-12,1,1,1.52
2020-12,1,6,9.09
2020-12,1,3,4.55
2020-12,1,5,7.58
2020-12,1,2,3.03
2020-12,1,3,4.55
2020-12,1,4,6.06
2020-12,1,2,3.03
2020-12,1,1,1.52
2020-12,1,1,1.52
2020-12,1,1,1.52
2020-12,1,5,62.5
2020-12,1,2,25.0
2020-12,1,3,37.5
2020-12,1,4,50.0
2020-12,1,1,12.5
2020-12,1,2,25.0
2020-12,1,1,12.5
2020-12,1,2,25.0
2020-12,1,4,50.0
2020-12,1,9,112.5
2020-12,1,1,12.5
2020-12,1,1,12.5
2020-12,1,7,87.5
2020-12,1,10,125.0
2020-12,1,2,25.0
2020-12,1,7,87.5
2020-12,1,2,25.0
2020-12,1,6,75.0
2020-12,1,3,37.5
2020-12,1,2,25.0
2020-12,1,3,37.5
2020-12,1,3,37.5
2020-12,1,1,12.5
2020-12,1,1,12.5
2020-12,1,1,12.5
2020-12,1,1,12.5
2020-12,1,1,12.5
2020-12,1,2,25.0
2020-12,1,7,15.91
2020-12,1,4,9.09
2020-12,1,3,6.82
2020-12,1,5,11.36
2020-12,1,8,18.18
2020-12,1,5,11.36
2020-12,1,15,34.09
2020-12,1,4,9.09
2020-12,1,8,18.18
2020-12,1,3,6.82
2020-12,1,18,40.91
2020-12,1,5,11.36
2020-12,1,1,2.27
2020-12,1,3,6.82
2020-12,1,4,9.09
2020-12,1,10,22.73
2020-12,1,3,6.82
2020-12,1,4,9.09
2020-12,1,2,4.55
2020-12,1,8,18.18
2020-12,1,2,4.55
2020-12,1,3,6.82
2020-12,1,1,2.27
2020-12,1,6,13.64
2020-12,1,9,20.45
2020-12,1,5,11.36
2020-12,1,2,4.55
2020-12,1,6,13.64
2020-12,1,3,6.82
2020-12,1,1,2.27
2020-12,1,3,6.82
2020-12,1,4,13.33
2020-12,1,18,60.0
2020-12,1,5,16.67
2020-12,1,12,40.0
2020-12,1,6,20.0
2020-12,1,12,40.0
2020-12,1,6,20.0
2020-12,1,6,20.0
2020-12,1,10,33.33
2020-12,1,3,10.0
2020-12,1,3,10.0
2020-12,1,2,6.67
2020-12,1,6,20.0
2020-12,1,3,10.0
2020-12,1,6,20.0
2020-12,1,3,10.0
2020-12,1,10,33.33
2020-12,1,10,33.33
2020-12,1,12,40.0
2020-12,1,2,6.67
2020-12,1,2,6.67
2020-12,1,1,3.33
2020-12,1,2,6.67
2020-12,1,2,6.67
2020-12,1,9,30.0
2020-12,1,3,10.0
2020-12,1,2,6.67
2020-12,1,1,3.33
2020-12,1,2,6.67
2020-12,1,5,7.69
2020-12,1,18,27.69
2020-12,1,3,4.62
2020-12,1,15,23.08
2020-12,1,8,12.31
2020-12,1,8,12.31
2020-12,1,18,27.69
2020-12,1,4,6.15
2020-12,1,11,16.92
2020-12,1,4,6.15
2020-12,1,2,3.08
2020-12,1,4,6.15
2020-12,1,5,7.69
2020-12,1,6,9.23
2020-12,1,12,18.46
2020-12,1,6,9.23
2020-12,1,2,3.08
2020-12,1,3,4.62
2020-12,1,4,6.15
2020-12,1,2,3.08
2020-12,1,3,4.62
2020-12,1,3,4.62
2020-12,1,2,3.08
2020-12,1,2,3.08
2020-12,1,1,1.54
2020-12,1,2,3.08
2020-12,1,1,1.54
2020-12,1,3,0.14
2020-12,1,4,0.19
2020-12,1,23,1.07
2020-12,1,3,0.14
2020-12,1,2,0.09
2020-12,1,4,0.19
2020-12,1,3,0.14
2020-12,1,3,0.14
2020-12,1,8,0.37
2020-12,1,47,2.19
2020-12,1,3,0.14
2020-12,1,6,0.28
2020-12,1,16,0.75
2020-12,1,13,0.61
2020-12,1,4,0.19
2020-12,1,10,0.47
2020-12,1,2,0.09
2020-12,1,3,0.14
2020-12,1,5,0.23
2020-12,1,4,0.19
2020-12,1,3,0.14
2020-12,1,2,0.09
2020-12,1,1,0.05
2020-12,1,1,0.05
2020-12,1,2,0.09
2020-12,1,4,0.19
2020-12,1,3,0.14
2020-12,1,3,0.14
2020-12,1,3,0.14
2020-12,1,3,0.14
2021-01,0,56,100.0
2021-01,0,12,21.43
2021-01,0,6,10.71
2021-01,0,10,17.86
2021-01,0,1948,3478.57
2021-01,0,20,35.71
2021-01,0,5,8.93
2021-01,0,17,30.36
2021-01,0,4,7.14
2021-01,0,2,3.57
2021-01,0,4,7.14
2021-01,0,4,7.14
2021-01,0,2,3.57
2021-01,0,4,7.14
2021-01,0,2,3.57
2021-01,0,3,5.36
2021-01,0,3,5.36
2021-01,0,1,1.79
2021-01,0,3,5.36
2021-01,0,3,5.36
2021-01,0,2,3.57
2021-01,0,3,5.36
2021-01,0,1,1.79
2021-01,0,2,3.57
2021-01,0,1,1.79
2021-01,0,6,10.71
2021-01,0,8,100.0
2021-01,0,2341,29262.5
2021-01,0,5,62.5
2021-01,0,2,25.0
2021-01,0,24,300.0
2021-01,0,5,62.5
2021-01,0,2,25.0
2021-01,0,74,925.0
2021-01,0,31,387.5
2021-01,0,1,12.5
2021-01,0,4,50.0
2021-01,0,5,62.5
2021-01,0,9,112.5
2021-01,0,1,12.5
2021-01,0,9,112.5
2021-01,0,4,50.0
2021-01,0,3,37.5
2021-01,0,1,12.5
2021-01,0,2,25.0
2021-01,0,4,50.0
2021-01,0,4,50.0
2021-01,0,4,50.0
2021-01,0,3,37.5
2021-01,0,1,12.5
2021-01,0,3,37.5
2021-01,0,2,25.0
2021-01,0,1,12.5
2021-01,0,2,100.0
2021-01,0,1,50.0
2021-01,0,20,1000.0
2021-01,0,11,550.0
2021-01,0,2299,114950.0
2021-01,0,66,3300.0
2021-01,0,6,300.0
2021-01,0,3,150.0
2021-01,0,1,50.0
2021-01,0,2,100.0
2021-01,0,26,1300.0
2021-01,0,8,400.0
2021-01,0,10,500.0
2021-01,0,3,150.0
2021-01,0,1,50.0
2021-01,0,2,100.0
2021-01,0,1,50.0
2021-01,0,4,200.0
2021-01,0,2,100.0
2021-01,0,3,150.0
2021-01,0,4,200.0
2021-01,0,4,200.0
2021-01,0,2,100.0
2021-01,0,1,50.0
2021-01,0,1,50.0
2021-01,0,3,100.0
2021-01,0,2,66.67
2021-01,0,5,166.67
2021-01,0,7,233.33
2021-01,0,6,200.0
2021-01,0,7,233.33
2021-01,0,17,566.67
2021-01,0,4,133.33
2021-01,0,10,333.33
2021-01,0,105,3500.0
2021-01,0,13,433.33
2021-01,0,46,1533.33
2021-01,0,8,266.67
2021-01,0,23,766.67
2021-01,0,14,466.67
2021-01,0,2681,89366.67
2021-01,0,6,200.0
2021-01,0,10,333.33
2021-01,0,18,600.0
2021-01,0,4,133.33
2021-01,0,3,100.0
2021-01,0,6,200.0
2021-01,0,2,66.67
2021-01,0,7,233.33
2021-01,0,1,33.33
2021-01,0,3,100.0
2021-01,0,1,33.33
2021-01,0,3,100.0
2021-01,0,2,100.0
2021-01,0,18,900.0
2021-01,0,2,100.0
2021-01,0,10,500.0
2021-01,0,12,600.0
2021-01,0,7,350.0
2021-01,0,30,1500.0
2021-01,0,16,800.0
2021-01,0,10,500.0
2021-01,0,3583,179150.0
2021-01,0,40,2000.0
2021-01,0,179,8950.0
2021-01,0,7,350.0
2021-01,0,9,450.0
2021-01,0,80,4000.0
2021-01,0,18,900.0
2021-01,0,13,650.0
2021-01,0,7,350.0
2021-01,0,11,550.0
2021-01,0,11,550.0
2021-01,0,6,300.0
2021-01,0,8,400.0
2021-01,0,8,400.0
2021-01,0,6,300.0
2021-01,0,7,350.0
2021-01,0,2,100.0
2021-01,0,2,100.0
2021-01,0,12,100.0
2021-01,0,30,250.0
2021-01,0,8,66.67
2021-01,0,10,83.33
2021-01,0,30,250.0
2021-01,0,24,200.0
2021-01,0,8,66.67
2021-01,0,26,216.67
2021-01,0,25,208.33
2021-01,0,64,533.33
2021-01,0,4803,40025.0
2021-01,0,22,183.33
2021-01,0,175,1458.33
2021-01,0,8,66.67
2021-01,0,22,183.33
2021-01,0,8,66.67
2021-01,0,16,133.33
2021-01,0,10,83.33
2021-01,0,2,16.67
2021-01,0,11,91.67
2021-01,0,6,50.0
2021-01,0,6,50.0
2021-01,0,4,33.33
2021-01,0,10,83.33
2021-01,0,3,25.0
2021-01,0,1,8.33
2021-01,0,37,100.0
2021-01,0,3,8.11
2021-01,0,14,37.84
2021-01,0,7,18.92
2021-01,0,40,108.11
2021-01,0,16,43.24
2021-01,0,6,16.22
2021-01,0,5,13.51
2021-01,0,21,56.76
2021-01,0,26,70.27
2021-01,0,133,359.46
2021-01,0,13,35.14
2021-01,0,18,48.65
2021-01,0,9,24.32
2021-01,0,3572,9654.05
2021-01,0,5,13.51
2021-01,0,40,108.11
2021-01,0,7,18.92
2021-01,0,9,24.32
2021-01,0,5,13.51
2021-01,0,7,18.92
2021-01,0,6,16.22
2021-01,0,10,27.03
2021-01,0,3,8.11
2021-01,0,1,2.7
2021-01,0,3,100.0
2021-01,0,37,1233.33
2021-01,0,11,366.67
2021-01,0,13,433.33
2021-01,0,11,366.67
2021-01,0,55,1833.33
2021-01,0,34,1133.33
2021-01,0,29,966.67
2021-01,0,39,1300.0
2021-01,0,3254,108466.67
2021-01,0,13,433.33
2021-01,0,16,533.33
2021-01,0,12,400.0
2021-01,0,6,200.0
2021-01,0,113,3766.67
2021-01,0,9,300.0
2021-01,0,6,200.0
2021-01,0,4,133.33
2021-01,0,7,233.33
2021-01,0,9,300.0
2021-01,0,5,166.67
2021-01,0,4,133.33
2021-01,0,4,133.33
2021-01,0,7,233.33
2021-01,0,28,100.0
2021-01,0,6,21.43
2021-01,0,12,42.86
2021-01,0,7,25.0
2021-01,0,19,67.86
2021-01,0,14,50.0
2021-01,0,90,321.43
2021-01,0,5,17.86
2021-01,0,2582,9221.43
2021-01,0,4,14.29
2021-01,0,40,142.86
2021-01,0,6,21.43
2021-01,0,1,3.57
2021-01,0,12,42.86
2021-01,0,10,35.71
2021-01,0,3,10.71
2021-01,0,8,28.57
2021-01,0,9,32.14
2021-01,0,3,10.71
2021-01,0,9,32.14
2021-01,0,1,3.57
2021-01,0,4,14.29
2021-01,0,3,100.0
2021-01,0,44,1466.67
2021-01,0,8,266.67
2021-01,0,88,2933.33
2021-01,0,20,666.67
2021-01,0,22,733.33
2021-01,0,2433,81100.0
2021-01,0,6,200.0
2021-01,0,12,400.0
2021-01,0,6,200.0
2021-01,0,2,66.67
2021-01,0,9,300.0
2021-01,0,6,200.0
2021-01,0,5,166.67
2021-01,0,4,133.33
2021-01,0,2,66.67
2021-01,0,8,266.67
2021-01,0,7,233.33
2021-01,0,9,300.0
2021-01,0,4,133.33
2021-01,0,2,66.67
2021-01,0,2,66.67
2021-01,0,9,100.0
2021-01,0,3,33.33
2021-01,0,130,1444.44
2021-01,0,7,77.78
2021-01,0,9,100.0
2021-01,0,20,222.22
2021-01,0,18,200.0
2021-01,0,3034,33711.11
2021-01,0,42,466.67
2021-01,0,9,100.0
2021-01,0,6,66.67
2021-01,0,46,511.11
2021-01,0,10,111.11
2021-01,0,13,144.44
2021-01,0,30,333.33
2021-01,0,7,77.78
2021-01,0,25,277.78
2021-01,0,12,133.33
2021-01,0,5,55.56
2021-01,0,2,22.22
2021-01,0,5,55.56
2021-01,0,11,100.0
2021-01,0,3551,32281.82
2021-01,0,14,127.27
2021-01,0,25,227.27
2021-01,0,19,172.73
2021-01,0,14,127.27
2021-01,0,156,1418.18
2021-01,0,14,127.27
2021-01,0,69,627.27
2021-01,0,26,236.36
2021-01,0,39,354.55
2021-01,0,18,163.64
2021-01,0,8,72.73
2021-01,0,11,100.0
2021-01,0,10,90.91
2021-01,0,10,90.91
2021-01,0,18,163.64
2021-01,0,14,127.27
2021-01,0,6,54.55
2021-01,0,1,9.09
2021-01,0,14,100.0
2021-01,0,27,192.86
2021-01,0,26,185.71
2021-01,0,3552,25371.43
2021-01,0,8,57.14
2021-01,0,2,14.29
2021-01,0,132,942.86
2021-01,0,17,121.43
2021-01,0,40,285.71
2021-01,0,14,100.0
2021-01,0,7,50.0
2021-01,0,7,50.0
2021-01,0,18,128.57
2021-01,0,28,200.0
2021-01,0,3,21.43
2021-01,0,2,14.29
2021-01,0,22,157.14
2021-01,0,10,71.43
2021-01,0,18,128.57
2021-01,0,13,100.0
2021-01,0,9,69.23
2021-01,0,26,200.0
2021-01,0,35,269.23
2021-01,0,23,176.92
2021-01,0,12,92.31
2021-01,0,3303,25407.69
2021-01,0,23,176.92
2021-01,0,120,923.08
2021-01,0,18,138.46
2021-01,0,13,100.0
2021-01,0,17,130.77
2021-01,0,21,161.54
2021-01,0,3,23.08
2021-01,0,11,84.62
2021-01,0,7,53.85
2021-01,0,8,61.54
2021-01,0,3,23.08
2021-01,0,98,100.0
2021-01,0,43,43.88
2021-01,0,22,22.45
2021-01,0,13,13.27
2021-01,0,5,5.1
2021-01,0,6,6.12
2021-01,0,27,27.55
2021-01,0,3026,3087.76
2021-01,0,15,15.31
2021-01,0,5,5.1
2021-01,0,31,31.63
2021-01,0,41,41.84
2021-01,0,9,9.18
2021-01,0,4,4.08
2021-01,0,6,6.12
2021-01,0,4,4.08
2021-01,0,2,2.04
2021-01,0,7,100.0
2021-01,0,2553,36471.43
2021-01,0,34,485.71
2021-01,0,20,285.71
2021-01,0,8,114.29
2021-01,0,5,71.43
2021-01,0,17,242.86
2021-01,0,16,228.57
2021-01,0,4,57.14
2021-01,0,86,1228.57
2021-01,0,48,685.71
2021-01,0,11,157.14
2021-01,0,9,128.57
2021-01,0,12,171.43
2021-01,0,6,85.71
2021-01,0,5,71.43
2021-01,0,6,100.0
2021-01,0,13,216.67
2021-01,0,37,616.67
2021-01,0,21,350.0
2021-01,0,6,100.0
2021-01,0,3,50.0
2021-01,0,17,283.33
2021-01,0,10,166.67
2021-01,0,2414,40233.33
2021-01,0,94,1566.67
2021-01,0,8,133.33
2021-01,0,13,216.67
2021-01,0,4,66.67
2021-01,0,6,100.0
2021-01,0,8,100.0
2021-01,0,118,1475.0
2021-01,0,46,575.0
2021-01,0,9,112.5
2021-01,0,5,62.5
2021-01,0,23,287.5
2021-01,0,22,275.0
2021-01,0,14,175.0
2021-01,0,2780,34750.0
2021-01,0,7,87.5
2021-01,0,5,62.5
2021-01,0,12,150.0
2021-01,0,6,75.0
2021-01,0,9,112.5
2021-01,0,24,100.0
2021-01,0,17,70.83
2021-01,0,13,54.17
2021-01,0,3115,12979.17
2021-01,0,185,770.83
2021-01,0,30,125.0
2021-01,0,33,137.5
2021-01,0,12,50.0
2021-01,0,24,100.0
2021-01,0,79,329.17
2021-01,0,42,175.0
2021-01,0,16,66.67
2021-01,0,21,87.5
2021-01,0,28,100.0
2021-01,0,27,96.43
2021-01,0,26,92.86
2021-01,0,3567,12739.29
2021-01,0,38,135.71
2021-01,0,54,192.86
2021-01,0,39,139.29
2021-01,0,204,728.57
2021-01,0,84,300.0
2021-01,0,31,110.71
2021-01,0,38,135.71
2021-01,0,3,10.71
2021-01,0,24,100.0
2021-01,0,33,137.5
2021-01,0,8,33.33
2021-01,0,41,170.83
2021-01,0,49,204.17
2021-01,0,13,54.17
2021-01,0,21,87.5
2021-01,0,3483,14512.5
2021-01,0,151,629.17
2021-01,0,17,70.83
2021-01,0,46,191.67
2021-01,0,15,100.0
2021-01,0,39,260.0
2021-01,0,38,253.33
2021-01,0,73,486.67
2021-01,0,3,20.0
2021-01,0,23,153.33
2021-01,0,2983,19886.67
2021-01,0,21,140.0
2021-01,0,91,606.67
2021-01,0,8,53.33
2021-01,0,18,100.0
2021-01,0,92,511.11
2021-01,0,44,244.44
2021-01,0,43,238.89
2021-01,0,19,105.56
2021-01,0,2440,13555.56
2021-01,0,26,144.44
2021-01,0,5,27.78
2021-01,0,9,50.0
2021-01,0,15,100.0
2021-01,0,2330,15533.33
2021-01,0,7,46.67
2021-01,0,30,200.0
2021-01,0,96,640.0
2021-01,0,15,100.0
2021-01,0,18,120.0
2021-01,0,12,80.0
2021-01,0,48,100.0
2021-01,0,16,33.33
2021-01,0,127,264.58
2021-01,0,2897,6035.42
2021-01,0,59,122.92
2021-01,0,35,72.92
2021-01,0,8,16.67
2021-01,0,53,100.0
2021-01,0,24,45.28
2021-01,0,2941,5549.06
2021-01,0,13,24.53
2021-01,0,150,283.02
2021-01,0,35,66.04
2021-01,0,158,100.0
2021-01,0,23,14.56
2021-01,0,17,10.76
2021-01,0,3311,2095.57
2021-01,0,48,30.38
2021-01,0,3049,100.0
2021-01,0,49,1.61
2021-01,0,25,0.82
2021-01,0,139,4.56
2021-01,0,80,100.0
2021-01,0,42,52.5
2021-01,0,2801,3501.25
2021-01,0,2231,100.0
2021-01,0,73,3.27
2021-01,0,2212,100.0